C.Wt%,0.249,,eq.strain,eq.stress.MPa,,eq.stress.MPa,theta,,eq.stress.MPa,d.theta/d.stress,d.theta/d.stress(normalised),,eq.stress.MPa,relative.austenite.fraction
Mn.Wt%,1.54,,1.00009E-12,5.26733459,,5.28E+00,0,,5.288000529,0,0,,26,1
Si.Wt%,0.328,,1.00009E-12,5.254935026,,5.28E+00,0,,5.292133717,0,0,,501,1
Al.Wt%,0.715,,1.00009E-12,5.279734153,,5.29E+00,0,,5.296266905,0,0,,531,0.957317073
Nb.Wt%,-,,1.00009E-12,5.30453328,,5.29E+00,0,,5.353985657,601879.8611,2006.266204,,622,0.890243902
N.ppm,41,,1.00009E-12,5.279734153,,5.292133717,0,,5.394393647,4596.53553,15.3217851,,732,0.774390244
P.Wt%,0.018,,1.00009E-12,5.279734153,,5.296266905,0,,5.445888305,10313.1846,34.377282,,864,0.530487805
S.Wt%,-,,1.00009E-12,5.292133717,,5.30453328,0,,5.51430851,14046.29169,46.82097231,,915,0.237804878
,,,1.00009E-12,5.26733459,,5.311421927,0,,6.115415945,5644.950826,18.81650275,,939,0.158536585
,,,1.00009E-12,5.30453328,,5.330985683,0,,6.350132719,10553.05964,35.17686546,,,
,,,1.00009E-12,5.292133717,,5.364326731,0,,6.618880105,6298.637075,20.99545692,,,
,,,1.00009E-12,5.279734153,,5.413098348,0,,6.926216813,1946.201615,6.487338717,,,
,,,1.00009E-12,5.292133717,,5.48942455,0,,7.307557816,778.7416019,2.59580534,,,
,,,1.00009E-12,5.341731971,,5.588069967,0,,7.727488214,1174.747276,3.915824254,,,
,,,1.00009E-12,5.316932844,,5.618862216,82401.96275,,8.19097475,1938.366243,6.461220811,,,
,,,1.00009E-12,5.354131535,,5.661994983,101896.1855,,8.692951928,2101.398549,7.00466183,,,
,,,1.00009E-12,5.354131535,,5.713305558,102612.3497,,9.238982546,1781.920956,5.939736522,,,
,,,1.00009E-12,5.443408392,,5.785140363,58666.89869,,9.8330276,921.2430576,3.070810192,,,
,,,1.00009E-12,5.604602718,,6.960709327,108355.8193,,10.47369831,27.56417904,0.091880597,,,
,,,1.00009E-12,5.731078266,,6.951288321,105032.7551,,11.20793697,299.4677838,0.998225946,,,
,,,1.00009E-12,5.966669973,,7.99970007,110459.905,,11.99476442,425.3951917,1.417983972,,,
,,,1.00009E-12,6.179942466,,7.952756903,110440.3524,,12.83109603,134.6522322,0.448840774,,,
,,,9.99995E-06,6.442877641,,10.59652298,160868.2065,,13.72101014,4275.342856,14.25114285,,,
,,,9.99995E-06,6.919025642,,10.65697712,212639.5307,,14.66340537,11723.9585,39.07986166,,,
,,,1.99998E-05,7.531645521,,10.37223645,271317.1083,,15.65392906,9744.029675,32.48009892,,,
,,,1.99998E-05,8.858425355,,13.51637768,333659.0076,,16.75460128,6155.791925,20.51930642,,,
,,,3.99992E-05,9.610046126,,13.89750567,349117.1161,,17.90638208,5.7269716,0.019089905,,,
,,,3.99992E-05,10.35900972,,14.09574286,316844.3959,,19.10818119,266.8738811,0.889579604,,,
,,,3.99992E-05,11.14765351,,14.07759154,304340.7698,,20.35859347,550.9479827,1.836493276,,,
,,,4.99988E-05,12.02321793,,17.35423036,311520.751,,21.64503833,890.668617,2.96889539,,,
,,,4.99988E-05,12.96315185,,17.50428351,278405.0206,,22.9619426,7.443560532,0.024811868,,,
,,,4.99988E-05,14.81325923,,19.97903119,212472.9708,,24.28642862,1186.640514,3.95546838,,,
,,,4.99988E-05,15.79039369,,19.91384295,208726.5363,,25.70351601,1566.348897,5.221162991,,,
,,,5.99982E-05,16.85449797,,19.8880177,223947.2704,,27.14918308,1862.882472,6.20960824,,,
,,,5.99982E-05,17.85396275,,23.76013554,205369.7293,,28.62245713,1627.975417,5.426584722,,,
,,,6.99976E-05,18.94289917,,25.78231975,218713.2585,,30.11875132,1136.452803,3.788176011,,,
,,,6.99976E-05,20.1308605,,26.04713679,185668.039,,31.63701988,470.2909587,1.567636529,,,
,,,6.99976E-05,21.3089015,,27.90252732,177585.3676,,33.20195762,135.0291396,0.450097132,,,
,,,8.9996E-05,23.69769852,,28.11712453,209784.4006,,34.78786104,384.7119352,1.282373117,,,
,,,9.9995E-05,24.98761904,,30.02382193,194298.5132,,36.39780129,723.804701,2.412682337,,,
,,,9.9995E-05,26.26242163,,33.37031888,177189.0463,,38.02645076,792.7771916,2.642590639,,,
,,,0.000109994,27.6019844,,35.0243364,206236.7376,,39.67157406,692.6448108,2.308816036,,,
,,,0.000109994,29.00328921,,37.12106173,176921.0976,,41.32873868,359.6355064,1.198785021,,,
,,,0.000119993,30.36769487,,37.2394161,172466.9422,,42.99990505,20.41147804,0.06803826,,,
,,,0.00013999,33.24788389,,39.15663152,186940.9213,,44.7016891,10.52903464,0.035096782,,,
,,,0.000149989,34.76118999,,39.08160424,191162.7316,,46.41399322,44.14571283,0.147152376,,,
,,,0.000159987,36.22492015,,42.34842515,181675.2737,,48.13588989,69.90415214,0.23301384,,,
,,,0.000159987,37.7031846,,46.16161166,172031.7978,,49.8653582,54.75746819,0.182524894,,,
,,,0.000169986,39.08014711,,46.08486072,177026.7779,,51.59635734,52.58143185,0.17527144,,,
,,,0.000169986,40.45425231,,47.86469926,178196.6775,,53.33688426,7.155964623,0.023853215,,,
,,,0.000189982,41.97057581,,48.08697674,195001.3083,,55.0899087,110.9359633,0.369786544,,,
,,,0.000209978,45.03723086,,52.09117016,177579.7198,,56.84452213,62.56042714,0.208534757,,,
,,,0.000209978,46.50068661,,53.64618395,160834.6863,,58.60214423,5.98028477,0.019934283,,,
,,,0.000219976,47.97950466,,55.1228184,157784.6514,,60.36030936,33.25798145,0.110859938,,,
,,,0.000219976,49.43057276,,56.59617874,166163.6037,,62.12545248,55.58149718,0.185271657,,,
,,,0.000239971,50.91986589,,60.16428656,185156.4569,,63.90023545,27.9186097,0.093062032,,,
,,,0.000249969,53.93670271,,59.89209513,196591.8916,,65.68201585,26.36676595,0.08788922,,,
,,,0.000259966,55.43797922,,62.17539817,188617.9248,,67.47835187,31.34641849,0.104488062,,,
,,,0.000269964,57.10300417,,62.34493226,195153.3538,,69.28635052,109.1714435,0.363904812,,,
,,,0.000289958,58.57019936,,66.74130465,193708.277,,71.10972803,82.64503908,0.275483464,,,
,,,0.000289958,60.07098165,,66.53023946,188408.6516,,72.94679261,38.71131802,0.129037727,,,
,,,0.000299955,61.55997619,,69.83849628,164173.7795,,74.7953838,69.75922074,0.232530736,,,
,,,0.000299955,63.08806071,,71.3237623,160333.6817,,76.59241633,66.91036923,0.223034564,,,
,,,0.000319949,66.24229977,,72.72705816,163105.8194,,78.46578673,38.56368747,0.128545625,,,
,,,0.000319949,67.7952219,,72.73173092,154572.6488,,80.33562144,137.5740884,0.458580295,,,
,,,0.000339942,69.30983846,,78.11483081,173626.3727,,82.21138079,97.26644006,0.324221467,,,
,,,0.000349939,70.83869222,,78.03187319,185732.2147,,84.08977906,78.83339108,0.26277797,,,
,,,0.000359935,72.27826753,,80.02665879,175081.3503,,85.97168602,26.49402487,0.088313416,,,
,,,0.000359935,73.88086787,,81.75009016,166226.8249,,87.91831257,57.24916119,0.190830537,,,
,,,0.000389924,77.07349502,,83.68025807,177560.5441,,89.80283437,75.87997437,0.252933248,,,
,,,0.000389924,78.62652582,,83.53893973,166985.7021,,91.68940463,130.4767743,0.434922581,,,
,,,0.00039992,80.16547267,,87.06859127,170991.0249,,93.57608283,130.4576666,0.434858889,,,
,,,0.000409916,81.65731262,,90.47974818,169168.4657,,95.466219,95.61141473,0.318704716,,,
,,,0.000419912,83.20872528,,92.11186759,168041.7369,,97.4315313,86.70056488,0.289001883,,,
,,,0.000419912,84.82382651,,92.29646633,157252.4842,,99.39740766,130.6049956,0.435349985,,,
,,,0.000439903,86.5150859,,95.65420368,160555.2794,,101.3027299,44.68149668,0.148938322,,,
,,,0.000459894,89.94563134,,97.1456214,156601.5692,,103.2091631,46.837528,0.156125093,,,
,,,0.00046989,91.70065271,,98.36457947,150687.6281,,105.1186599,8.165282167,0.027217607,,,
,,,0.00046989,93.56394249,,102.9477496,172535.6832,,107.0315681,28.15950152,0.093865005,,,
,,,0.00048988,95.35718721,,104.7599882,169590.1139,,109.0166805,34.54452274,0.115148409,,,
,,,0.000499875,97.13464562,,104.7668195,164766.7207,,111.008417,83.72680448,0.279089348,,,
,,,0.00050987,98.862516,,106.468157,166892.8378,,112.9992209,71.59575372,0.238652512,,,
,,,0.000539854,102.2722392,,108.5426055,184054.2535,,114.9209573,39.92816148,0.133093872,,,
,,,0.000549849,103.848872,,112.0108823,156637.2345,,116.8371739,57.94077721,0.193135924,,,
,,,0.000549849,105.4641831,,113.2675503,152089.7479,,118.747016,102.6185371,0.34206179,,,
,,,0.000559843,107.0309384,,114.7066152,154964.2833,,120.7219428,62.61664813,0.20872216,,,
,,,0.000569838,108.6076503,,116.1914777,157297.2741,,122.6970099,19.61789927,0.065392998,,,
,,,0.000589826,111.7537244,,119.5102942,151569.0218,,124.6701318,4.874644111,0.016248814,,,
,,,0.00059982,113.3553447,,121.0063149,156164.4263,,126.5770143,20.52188821,0.068406294,,,
,,,0.000609814,114.9594784,,122.5529946,161098.3092,,128.486454,36.72402063,0.122413402,,,
,,,0.000619808,116.4767934,,124.0760019,178327.4979,,130.4005013,101.8618411,0.33953947,,,
,,,0.000639795,118.0920964,,127.8737901,202457.6513,,132.3190535,82.49421228,0.274980708,,,
,,,0.000649789,121.411075,,128.0163958,175771.4291,,134.3173663,5.944121874,0.01981374,,,
,,,0.000659782,123.0277771,,129.9006929,176643.1214,,136.2631,38.73893561,0.129129785,,,
,,,0.000669776,124.7065507,,131.7913692,179065.4897,,138.2144667,3.748005982,0.012493353,,,
,,,0.000689762,126.2873559,,133.8511248,187118.3762,,140.1688501,1.938898226,0.006462994,,,
,,,0.000689762,127.9028931,,136.8257281,160131.0951,,142.1331993,14.45867713,0.04819559,,,
,,,0.000699755,129.4800181,,138.2505159,158063.6954,,144.1030997,32.60573852,0.108685795,,,
,,,0.000709748,132.8365345,,139.5877203,153589.1644,,146.0872926,108.2399886,0.360799962,,,
,,,0.000719741,134.6172396,,141.1598448,159024.1415,,148.0804609,193.634436,0.64544812,,,
,,,0.000739726,136.2851828,,144.7178145,185069.7395,,150.0765782,113.824914,0.37941638,,,
,,,0.000749719,137.9890406,,146.7144906,176439.2593,,152.076655,60.41303825,0.201376794,,,
,,,0.000759711,139.6060696,,148.5300591,172423.6385,,154.0819561,14.54745282,0.048491509,,,
,,,0.000769704,141.3099947,,150.2123876,184244.9844,,156.0918637,75.81419341,0.252713978,,,
,,,0.000789688,144.7303562,,150.547045,186159.0024,,158.0342105,69.99075377,0.233302513,,,
,,,0.00079968,146.5113223,,154.064082,171195.9032,,160.0373173,109.1498118,0.363832706,,,
,,,0.000809672,148.1905651,,155.6205895,165796.5812,,162.0382511,102.8183641,0.34272788,,,
,,,0.000819664,149.9442999,,157.0201684,160735.2591,,164.0347568,84.27085392,0.280902846,,,
,,,0.000819664,151.5848663,,161.8186482,172578.7933,,166.0317983,17.49821298,0.058327377,,,
,,,0.000839647,153.3153646,,162.0886899,161580.742,,168.023915,24.1980921,0.080660307,,,
,,,0.000849639,154.9947425,,163.6313295,156834.1644,,170.0050896,103.4848657,0.344949552,,,
,,,0.00085963,158.5654724,,165.0121782,154560.3885,,171.9766727,74.45335495,0.24817785,,,
,,,0.000889604,160.3970655,,166.8983688,175408.3065,,173.9403511,49.13801522,0.163793384,,,
,,,0.000889604,162.1395136,,172.0486985,161626.1937,,175.893464,6.153911165,0.020513037,,,
,,,0.000899595,163.8190633,,173.6604997,158098.4866,,177.8386321,27.51694089,0.091723136,,,
,,,0.000909586,165.5855225,,173.6523879,158480.6045,,179.7788943,27.84752544,0.092825085,,,
,,,0.000919577,167.339606,,175.3302055,154352.7514,,181.7127407,26.24011662,0.087467055,,,
,,,0.000949549,171.0158969,,178.5179748,155714.9548,,183.6310574,14.5548038,0.048516013,,,
,,,0.000959539,172.8569848,,179.7475406,147683.0761,,185.5438247,41.53677879,0.138455929,,,
,,,0.000959539,174.609484,,181.061321,145989.2218,,187.4551902,41.53665326,0.138455511,,,
,,,0.00096953,176.2892755,,185.7518415,170849.3812,,189.3660983,7.397113868,0.024657046,,,
,,,0.00098951,178.0354201,,185.9270897,163126.7053,,191.2710877,25.37333414,0.08457778,,,
,,,0.0009995,179.7277081,,187.5805761,163012.4428,,193.1711512,24.79674992,0.082655833,,,
,,,0.00100949,181.3952056,,189.2529158,163424.5507,,195.0530528,30.37641863,0.101254729,,,
,,,0.00103946,184.6949086,,191.078253,175202.703,,196.9290353,49.92676922,0.166422564,,,
,,,0.00103946,186.3085283,,194.3171115,177930.9851,,198.8052259,21.88896746,0.072963225,,,
,,,0.001049449,187.9016826,,196.2618977,159850.3137,,200.6839384,45.59595595,0.15198652,,,
,,,0.001059439,189.5321068,,197.8854904,153169.0138,,202.5611201,48.35602754,0.161186758,,,
,,,0.001069428,191.1129123,,197.7757765,163415.6898,,204.4373475,10.44316793,0.03481056,,,
,,,0.001089406,194.2597221,,199.276841,161967.5953,,206.3120326,3.651508113,0.012171694,,,
,,,0.001099395,195.8008997,,202.7246922,158696.1367,,208.1847328,48.68213474,0.162273782,,,
,,,0.001109384,197.2825242,,204.248582,152663.2271,,210.0561475,53.62450161,0.178748339,,,
,,,0.001109384,198.7721234,,205.7055141,147432.0636,,211.9260161,63.90812994,0.2130271,,,
,,,0.001119373,200.2140692,,207.2436305,150949.9613,,213.7893665,44.64486325,0.148816211,,,
,,,0.001139351,201.821919,,210.4479436,155534.7892,,215.6502705,45.07140119,0.150238004,,,
,,,0.001149339,203.3409041,,211.8470311,153255.0081,,217.5032981,41.3552661,0.137850887,,,
,,,0.001159328,206.5233884,,213.1443778,149469.7907,,219.358352,24.47229721,0.081574324,,,
,,,0.001169316,208.2162477,,214.6630302,154979.2893,,221.2184083,26.08000328,0.086933344,,,
,,,0.001189293,209.9236517,,218.294009,156147.5482,,223.0815599,24.5888867,0.081962956,,,
,,,0.001199281,211.5917667,,219.8592845,151595.0778,,224.9503102,51.69530185,0.172317673,,,
,,,0.001209269,213.2102567,,221.3522807,154329.9743,,226.8165342,84.85109874,0.282836996,,,
,,,0.001219256,214.8411937,,222.7158033,159467.3676,,228.6867687,92.97738034,0.309924601,,,
,,,0.001239232,218.0634375,,225.9659026,153503.0456,,230.562623,21.89210583,0.072973686,,,
,,,0.001249219,219.756547,,227.4573411,158811.9502,,232.4395097,7.954250294,0.026514168,,,
,,,0.001259207,221.5142492,,227.3936409,158073.3602,,234.3154608,58.71132757,0.195704425,,,
,,,0.001269194,223.2570882,,230.6770371,167507.7031,,236.1908506,76.80222974,0.256007432,,,
,,,0.001289169,224.9649624,,234.3902263,154333.9192,,238.0647877,26.61356072,0.088711869,,,
,,,0.001299156,226.6333938,,234.3067642,157895.5588,,239.939259,11.67603401,0.038920113,,,
,,,0.001299156,228.2623314,,235.7182497,149944.2267,,241.8229516,19.44423675,0.064814123,,,
,,,0.00131913,231.512415,,237.1159069,150542.6803,,243.7071801,47.25385468,0.157512849,,,
,,,0.001339103,233.0938939,,241.854384,163017.2444,,245.5883684,12.01279771,0.040042659,,,
,,,0.001339103,234.6483995,,242.0025797,144609.3654,,247.4670046,15.08348576,0.050278286,,,
,,,0.00134909,236.1158666,,243.4689491,142191.9819,,249.3426089,56.08411557,0.186947052,,,
,,,0.001359076,237.635512,,244.7877563,149887.4989,,251.2173662,85.174794,0.28391598,,,
,,,0.001389035,240.5854127,,246.1979217,155199.46,,253.092749,137.9852413,0.459950804,,,
,,,0.001389035,242.1772463,,249.4925482,150611.6155,,254.9782432,83.29662251,0.277655408,,,
,,,0.001399021,243.7839312,,250.9425964,159421.0202,,256.869358,68.87186734,0.229572891,,,
,,,0.001409007,245.3509135,,252.5267827,167995.9135,,258.7640817,77.57335494,0.25857785,,,
,,,0.001418993,246.9328277,,254.2953566,174877.5006,,260.668381,26.69073557,0.088969119,,,
,,,0.001438964,248.4775193,,258.2274739,167254.0394,,262.578183,32.49465502,0.108315517,,,
,,,0.00144895,250.0967646,,258.1825285,168698.2862,,264.4401387,78.59400373,0.261980012,,,
,,,0.001458935,253.4197461,,259.6301418,152069.4305,,266.3088014,2.740440896,0.009134803,,,
,,,0.001468921,255.1384153,,261.0355112,153930.9613,,268.255936,45.64075284,0.152135843,,,
,,,0.001488891,256.8224294,,265.6692947,176103.0386,,270.2116374,60.82007557,0.202733585,,,
,,,0.001488891,258.4765122,,267.5088161,158547.256,,272.1703778,57.33548898,0.191118297,,,
,,,0.001498876,260.0586834,,269.1029553,155397.2288,,274.1372064,59.93993808,0.199799794,,,
,,,0.001508861,261.7029776,,269.1079637,156746.2565,,276.106559,55.58736122,0.185291204,,,
,,,0.001538815,265.1557529,,270.9485571,172629.4015,,278.0082999,62.12426362,0.207080879,,,
,,,0.0015488,266.8622573,,274.0675398,150890.6054,,279.9734259,24.39508289,0.081316943,,,
,,,0.001558784,268.543958,,275.3128473,140175.4576,,281.9410747,36.83802015,0.122793401,,,
,,,0.001558784,270.2229942,,277.9127031,137608.6281,,283.9123458,67.13433318,0.223781111,,,
,,,0.001568769,271.8550691,,280.7521526,160579.8432,,285.8917312,33.08107302,0.110270243,,,
,,,0.001588737,273.5023264,,282.4862533,158601.8035,,287.8721524,18.31010693,0.06103369,,,
,,,0.001598721,275.1469021,,284.1550095,148092.1921,,289.7802777,38.24820427,0.127494014,,,
,,,0.001618689,278.6497699,,285.6550997,154106.9113,,291.7514062,50.60315225,0.168677174,,,
,,,0.001638657,280.3717639,,285.8691315,173441.6969,,293.7260557,13.91542367,0.046384746,,,
,,,0.00164864,282.0164901,,289.0649388,157551.7311,,295.7039365,0.428171124,0.001427237,,,
,,,0.001658624,283.7233497,,293.366236,146237.9715,,297.6868292,31.88585646,0.106286188,,,
,,,0.001668607,285.3805623,,293.2004021,146467.2618,,299.6737598,49.62457636,0.165415255,,,
,,,0.001668607,287.1343046,,296.2049086,138681.8344,,301.729542,75.68739259,0.252291309,,,
,,,0.001688574,288.8938149,,297.725489,142702.2681,,303.711038,70.74112883,0.235803763,,,
,,,0.001718522,292.4622944,,299.1293002,143227.7173,,305.6881246,25.33659642,0.084455321,,,
,,,0.001718522,294.2434502,,300.5817394,134371.6757,,307.6627691,28.9381658,0.096460553,,,
,,,0.001738488,295.9013364,,304.7808137,133870.3507,,309.6323878,13.63233154,0.045441105,,,
,,,0.001748471,297.6482355,,305.9887287,133894.6774,,311.6035402,29.59244794,0.098641493,,,
,,,0.001758453,299.3305783,,307.3346849,130422.1948,,313.5720038,36.46699633,0.121556654,,,
,,,0.001768435,300.9632686,,309.8989752,130547.6791,,315.6063358,41.04421274,0.136814042,,,
,,,0.001798382,304.2665648,,311.2233859,134048.1129,,317.5636695,6.150050364,0.020500168,,,
,,,0.001808364,306.0136518,,312.4019092,133573.4127,,319.5117593,34.0906912,0.113635637,,,
,,,0.001818346,307.7582891,,316.6098303,136514.3844,,321.457389,25.20793802,0.08402646,,,
,,,0.001838309,309.5433177,,318.0691064,139381.2374,,323.395409,11.02234087,0.036741136,,,
,,,0.001848291,311.2135073,,319.4070899,140021.3845,,325.3262943,11.09386923,0.036979564,,,
,,,0.001858272,312.858885,,320.9160644,137044.8972,,327.3165124,66.08716018,0.220290534,,,
,,,0.001888216,316.1404712,,323.8624523,138479.7947,,329.2404498,58.14710873,0.193823696,,,
,,,0.001898197,317.9101947,,326.4210692,131741.0973,,331.1604975,38.40213863,0.128007129,,,
,,,0.001908178,319.6700148,,327.6044739,133128.2088,,333.0735323,7.627502278,0.025425008,,,
,,,0.001918159,321.4273854,,330.2880978,128646.521,,334.9760509,12.30013232,0.041000441,,,
,,,0.001938121,323.1755929,,331.6110572,133166.5772,,336.8710573,50.82233127,0.169407771,,,
,,,0.001958082,326.5414575,,332.7761636,131006.1243,,338.7601862,58.8598283,0.196199428,,,
,,,0.001968062,328.1871681,,334.2403081,130417.2493,,340.6448021,52.70479231,0.175682641,,,
,,,0.001988023,329.7989306,,337.0522546,134368.4685,,342.5214097,14.68016411,0.04893388,,,
,,,0.001998003,331.3826009,,339.5898866,130022.1819,,344.393781,7.958225162,0.026527417,,,
,,,0.002007983,332.9638179,,341.0675846,119977.6564,,346.2567529,10.36889645,0.034562988,,,
,,,0.002017963,334.6593729,,343.2936066,114371.5258,,348.1095992,12.21988725,0.040732957,,,
,,,0.002037922,336.3458935,,344.4352711,116600.1152,,349.9476683,14.01626667,0.046720889,,,
,,,0.002057881,339.7521159,,345.381354,107487.4248,,351.7831961,16.6752271,0.05558409,,,
,,,0.002067861,341.3956368,,348.4916184,109404.274,,353.6156526,42.21039549,0.140701318,,,
,,,0.002087819,342.9456951,,350.6750034,116759.107,,355.4462136,59.92887891,0.19976293,,,
,,,0.002097798,344.5420797,,351.7395347,121518.6775,,357.2705053,63.1857067,0.210619022,,,
,,,0.002107777,346.0987337,,354.2793934,120696.5952,,359.0844013,39.59556067,0.131985202,,,
,,,0.002137713,347.6027118,,355.7366886,126442.0904,,360.8857315,18.209272,0.060697573,,,
,,,0.002157671,350.718721,,356.8579137,124403.9482,,362.6690536,63.62446447,0.212081548,,,
,,,0.002167649,352.365,,358.3495546,121663.4055,,364.4462638,50.24088573,0.167469619,,,
,,,0.002187605,354.0148442,,360.8713864,120635.4673,,366.2199002,55.83979695,0.186132657,,,
,,,0.002197584,355.5841588,,363.0528829,111628.4524,,367.9844312,33.94049173,0.113134972,,,
,,,0.002207562,357.1062822,,364.007492,109466.8787,,369.7428525,13.72675214,0.04575584,,,
,,,0.002217539,358.5886691,,367.1758473,109299.0375,,371.4944757,25.57164257,0.085238809,,,
,,,0.002237495,360.0871056,,368.2300463,112748.3361,,373.2326592,71.59282822,0.238642761,,,
,,,0.00225745,363.2558693,,369.2480509,107815.5342,,374.9611579,89.92180606,0.299739354,,,
,,,0.002267427,364.8253852,,372.6660226,107255.956,,376.6770292,81.66800412,0.27222668,,,
,,,0.002297359,366.4792977,,374.0812228,110145.7311,,378.383316,46.42140673,0.154738022,,,
,,,0.002307336,368.0016809,,375.1272866,104882.5841,,380.0785069,17.27218229,0.057573941,,,
,,,0.002317313,369.4967521,,376.9954809,101958.6021,,381.7631978,35.26008037,0.117533601,,,
,,,0.002347243,372.4931857,,379.0487154,96425.53932,,383.4376652,52.19528343,0.173984278,,,
,,,0.00235722,374.0753629,,379.9061315,92617.92069,,385.0887113,17.63144827,0.058771494,,,
,,,0.002367196,375.6103415,,381.6524504,92418.39785,,386.7285257,5.503328759,0.018344429,,,
,,,0.002387148,377.1466274,,383.7449485,91213.31354,,388.3577133,6.204856864,0.020682856,,,
,,,0.002407101,378.5711092,,386.4597626,86643.40547,,389.9782911,10.07971898,0.033599063,,,
,,,0.002417077,380.0067723,,387.1622196,90844.34424,,391.5932709,17.78007025,0.059266901,,,
,,,0.002437028,381.3791482,,388.1546834,88885.95065,,393.1409454,38.16946522,0.127231551,,,
,,,0.002456979,384.335169,,390.6424116,86077.67638,,394.7313384,2.814006744,0.009380022,,,
,,,0.002486905,385.8258929,,391.7869908,87095.1985,,396.3107353,19.37430245,0.064581008,,,
,,,0.00249688,387.2866035,,393.3923166,81333.15535,,397.8733485,36.15130927,0.120504364,,,
,,,0.002506855,388.6553561,,395.7253622,79481.37155,,399.4264708,7.888015137,0.026293384,,,
,,,0.00253678,390.0592651,,396.7271659,78457.22425,,400.9673366,1.098883312,0.003662944,,,
,,,0.002546754,391.3932923,,398.8038778,73004.04662,,402.5026225,9.692636515,0.032308788,,,
,,,0.002566703,394.1733093,,399.3996112,69759.4876,,404.0159203,8.108039837,0.027026799,,,
,,,0.002596626,395.577466,,400.1640056,72013.60678,,405.5157639,14.42909641,0.048096988,,,
,,,0.0026066,396.9116277,,402.1975464,71682.37744,,407.0036848,6.859390025,0.022864633,,,
,,,0.002636521,398.2413276,,404.5373321,71709.79625,,408.4830352,4.134502852,0.013781676,,,
,,,0.002646495,399.4860553,,405.9145343,68938.57918,,409.950749,19.24380209,0.064146007,,,
,,,0.002656468,400.7059427,,407.274702,67681.44227,,411.4127789,22.92772205,0.07642574,,,
,,,0.002686388,401.9487909,,408.0055981,71012.0116,,412.8564114,17.94822441,0.059827415,,,
,,,0.002716307,404.5320214,,410.0836035,67069.37092,,414.2879078,35.17608709,0.117253624,,,
,,,0.002736253,405.8207446,,411.4385281,65470.17629,,415.7122324,37.15120898,0.123837363,,,
,,,0.002756198,407.2089891,,413.9957842,59226.67614,,417.1263084,17.55837014,0.0585279,,,
,,,0.002766171,408.5161238,,414.5165188,59025.12695,,418.5349777,0.639932963,0.00213311,,,
,,,0.002796087,409.8712479,,416.2995623,58235.98103,,419.9393877,25.01892233,0.083396408,,,
,,,0.002816031,411.1850481,,417.4279202,55637.14578,,421.3392935,27.82657135,0.092755238,,,
,,,0.002855918,413.8351878,,418.945835,52101.80813,,422.7193299,8.38252462,0.027941749,,,
,,,0.002865889,415.0952646,,419.4581488,50131.31956,,424.0910442,12.7310278,0.042436759,,,
,,,0.002895803,416.2119562,,422.0129587,49602.94773,,425.4466987,0.910341282,0.003034471,,,
,,,0.002915745,417.3991673,,423.4692157,47830.23027,,426.7904891,2.771814321,0.009239381,,,
,,,0.002945657,418.5284184,,424.3952465,47583.6071,,428.1215393,14.528389,0.048427963,,,
,,,0.002955628,419.7612945,,425.7288861,46057.20571,,429.4429531,40.62506969,0.135416899,,,
,,,0.003005479,422.1676154,,426.6460377,45694.28864,,430.735605,9.564400307,0.031881334,,,
,,,0.003035389,423.3219827,,428.0250546,46174.1892,,432.0197824,13.86690275,0.046223009,,,
,,,0.003055328,424.4846241,,430.3615207,43848.79049,,433.298278,20.04932431,0.066831081,,,
,,,0.003085236,425.639117,,431.2624958,43650.20724,,434.5666394,39.19004268,0.130633476,,,
,,,0.003105174,426.7521092,,432.5330221,42355.66991,,435.8292789,33.83019774,0.112767326,,,
,,,0.00313508,427.9440417,,433.3868933,41810.79678,,437.0839463,20.392831,0.067976103,,,
,,,0.003184923,430.2641209,,434.9837774,39576.96331,,438.2794634,3.283170162,0.010943901,,,
,,,0.003204859,431.3648752,,435.7074797,38594.26956,,439.5061286,7.416337259,0.024721124,,,
,,,0.003234763,432.5197427,,436.8919919,37784.06351,,440.7234783,0.994502181,0.003315007,,,
,,,0.003254698,433.593228,,439.0685041,36790.59219,,441.9310263,12.69756051,0.042325202,,,
,,,0.003294567,434.7027897,,440.2260755,35895.53857,,443.1304354,9.606158964,0.03202053,,,
,,,0.003314501,435.8161919,,440.8795056,35550.76098,,444.3185509,7.525573882,0.025085246,,,
,,,0.003344401,436.9464341,,442.3011339,34691.72657,,445.4804799,17.72608815,0.059086961,,,
,,,0.003404199,439.0329331,,442.9819118,34794.72295,,446.630786,22.65145781,0.075504859,,,
,,,0.003434097,440.1136016,,444.3749895,33811.13065,,447.7697975,33.30134835,0.111004495,,,
,,,0.003454028,441.1003516,,446.0497616,31994.25566,,448.8951096,44.39699102,0.14798997,,,
,,,0.003493889,442.1108831,,447.3639423,30640.99029,,450.0109443,43.70851605,0.145695053,,,
,,,0.003513819,443.1475036,,447.9171492,30266.82825,,451.3883302,137.5039933,0.458346644,,,
,,,0.003553678,444.2203936,,449.1039561,29568.75305,,452.4480678,0.820188337,0.002733961,,,
,,,0.0036035,446.1514854,,450.1939986,28221.74753,,453.500577,31.40702467,0.104690082,,,
,,,0.003643355,447.1996986,,451.3141767,27699.7567,,454.6343706,57.79472577,0.192649086,,,
,,,0.003663282,448.1743475,,451.8616616,26890.2265,,455.7486065,80.39630171,0.267987672,,,
,,,0.003703135,449.1082025,,454.0434992,26038.02072,,456.8449455,78.57772206,0.26192574,,,
,,,0.003742986,450.0944041,,454.8219244,25738.09444,,457.9194442,67.92035998,0.2264012,,,
,,,0.003782836,451.1279797,,455.820879,24791.17579,,458.8761156,78.723744,0.26241248,,,
,,,0.00380276,452.0555425,,456.755492,23656.04301,,459.8292144,99.89587501,0.33298625,,,
,,,0.003882454,453.9886141,,457.6831097,23280.95864,,460.9280011,55.17835268,0.183927842,,,
,,,0.003912337,454.9183662,,459.2463373,22627.89613,,462.0479084,34.70629824,0.115687661,,,
,,,0.00395218,455.8278164,,460.1458371,22562.95199,,463.1936076,0.175867686,0.000586226,,,
,,,0.003992021,456.7373376,,461.0396518,22516.27641,,464.2816494,55.36187888,0.184539596,,,
,,,0.004031861,457.6469298,,461.6954573,22641.37473,,465.4065544,76.4143765,0.254714588,,,
,,,0.004101577,459.3123451,,462.5778823,22575.93868,,466.5633161,91.89502739,0.306316758,,,
,,,0.004141413,460.1225274,,463.5355413,22934.07798,,467.8906293,91.49049617,0.304968321,,,
,,,0.004181246,460.9950304,,465.8264629,22703.42243,,469.2498326,84.61836677,0.282061223,,,
,,,0.004211121,461.7260313,,466.7447745,22345.78036,,470.6339301,78.17801202,0.260593373,,,
,,,0.004250952,462.5986564,,467.906258,21582.15497,,471.8951605,55.31020448,0.184367348,,,
,,,0.004290781,463.4962553,,469.1689905,20821.6103,,473.1425399,30.29325123,0.100977504,,,
,,,0.004390348,465.7168961,,470.2143215,20118.58687,,474.3808252,16.27857025,0.054261901,,,
,,,0.004430172,466.816504,,471.3324738,18735.63736,,475.607543,10.23283333,0.034109444,,,
,,,0.00447995,467.958222,,473.7850621,16406.08387,,476.9360382,22.83488854,0.076116295,,,
,,,0.00453968,469.1047211,,474.7290077,15511.48312,,478.2444146,32.64968525,0.108832284,,,
,,,0.004589452,470.2466729,,476.0289053,14145.52316,,479.4105325,35.74837553,0.119161252,,,
,,,0.004649176,471.4058855,,476.9346074,13397.53758,,480.5626056,26.69731123,0.088991037,,,
,,,0.004788517,473.67185,,478.0524075,12415.51425,,481.6870871,24.0819534,0.080273178,,,
,,,0.004848228,474.8314867,,479.0832041,11490.00048,,482.8735577,27.4515245,0.091505082,,,
,,,0.004937789,475.9531324,,480.1674639,10892.28808,,484.0354827,26.60122201,0.08867074,,,
,,,0.005007442,477.06797,,482.229877,9735.810541,,485.1800895,28.32440102,0.09441467,,,
,,,0.005096988,478.0429185,,483.1986488,9201.978134,,486.302413,20.75185993,0.069172866,,,
,,,0.005186527,479.1027894,,484.1759096,8572.075544,,487.2798903,14.76388694,0.049212956,,,
,,,0.005286004,480.1451813,,485.0603651,8018.907486,,488.2236591,16.89042517,0.056301417,,,
,,,0.00548493,482.2031296,,486.0586804,7247.069811,,489.1320644,31.22773078,0.104092436,,,
,,,0.005584378,483.1812737,,487.7476458,6200.541708,,490.0912197,50.03308005,0.166776934,,,
,,,0.00569376,484.1669109,,488.6071029,5685.391642,,491.0347545,56.94656371,0.189821879,,,
,,,0.005803129,485.2001448,,489.403569,5227.154776,,491.8641523,58.72478838,0.195749295,,,
,,,0.005942309,486.0734656,,490.1347701,4957.336056,,492.6842942,48.88398926,0.162946631,,,
,,,0.006200736,487.7462054,,490.9589043,4574.687737,,493.481574,47.32273297,0.157742443,,,
,,,0.006349797,488.5002438,,491.6911013,4285.943311,,494.2684885,47.89631065,0.159654369,,,
,,,0.006498837,489.4042503,,492.3904085,3951.699797,,495.1296773,50.92988381,0.169766279,,,
,,,0.006647854,490.2460931,,493.8156413,3551.434802,,495.9938594,49.76823056,0.165894102,,,
,,,0.006826645,491.0004251,,494.5318477,3416.012528,,496.8721793,41.92399435,0.139746648,,,
,,,0.006995475,491.6751925,,495.2146753,3309.129641,,497.6972102,26.30475384,0.087682513,,,
,,,0.007174204,492.3425593,,495.8862367,3191.897966,,498.5258438,21.38562569,0.071285419,,,
,,,0.007561341,493.8325426,,496.6014618,3042.857904,,499.3719921,19.46334211,0.064877807,,,
,,,0.007769737,494.5652787,,497.2689644,2974.241809,,500.2426403,16.9333325,0.056444442,,,
,,,0.00797809,495.2107852,,498.7363018,2934.718434,,501.2498069,12.63719078,0.042123969,,,
,,,0.0081864,495.8815206,,499.5258003,2882.485535,,502.2743841,10.16785874,0.033892862,,,
,,,0.008424415,496.579769,,500.3293851,2835.684608,,503.2649471,7.564355693,0.025214519,,,
,,,0.008662373,497.3283233,,501.0982917,2814.076803,,504.2894154,8.353195177,0.027843984,,,
,,,0.009157938,498.7511249,,501.9940273,2791.995716,,505.3157585,9.168820631,0.030562735,,,
,,,0.009425441,499.4528313,,502.8582832,2768.643814,,506.3359738,7.90186138,0.026339538,,,
,,,0.009702775,500.2474383,,503.7573423,2725.57225,,507.3930147,9.55852584,0.031861753,,,
,,,0.009980033,501.2578207,,505.6132772,2668.889674,,508.6170336,8.377209893,0.027924033,,,
,,,0.010296805,502.0229806,,506.6229938,2635.44144,,509.8456329,7.678427166,0.025594757,,,
,,,0.010613477,502.8261203,,507.6045254,2635.557168,,510.9945843,5.861978948,0.01953993,,,
,,,0.010949831,503.7173546,,508.5162473,2697.209414,,512.1578854,3.574626913,0.011915423,,,
,,,0.011632084,505.6442679,,509.5449107,2696.686333,,513.3261119,2.313144411,0.007710481,,,
,,,0.011997738,506.5495183,,510.577334,2753.944333,,514.5037075,0.784507689,0.002615026,,,
,,,0.012373136,507.6661921,,511.5525201,2794.006383,,515.8307043,1.047136458,0.003490455,,,
,,,0.012738519,508.6730464,,513.7001452,2972.440398,,517.1844955,2.256421925,0.007521406,,,
,,,0.013133378,509.4845255,,514.8214714,3025.271927,,518.5421492,4.043622299,0.013478741,,,
,,,0.013518216,510.4397586,,515.9721617,3069.674445,,519.7654473,4.591145433,0.015303818,,,
,,,0.013873319,511.5363483,,517.0503771,3103.022162,,521.025594,4.082695151,0.013608984,,,
,,,0.014612712,513.8422902,,518.1314284,3132.354438,,522.2662743,3.267186903,0.010890623,,,
,,,0.014967427,514.7747483,,519.3031148,3196.873761,,523.5197133,3.919013333,0.013063378,,,
,,,0.015341712,515.9848306,,521.4532528,3290.242375,,524.8902008,2.820044936,0.00940015,,,
,,,0.015696168,517.0192281,,522.6108817,3307.496827,,526.283928,2.200969416,0.007336565,,,
,,,0.016050499,518.1802309,,523.7269009,3315.894413,,527.5652522,1.251882075,0.00417294,,,
,,,0.016414541,519.2714069,,524.8917357,3316.354572,,528.8220136,0.307725283,0.001025751,,,
,,,0.017083247,521.4274967,,526.0279994,3343.468973,,530.0811995,0.693820214,0.002312734,,,
,,,0.017427259,522.6238795,,527.1629886,3336.40367,,531.4789293,0.290908397,0.000969695,,,
,,,0.01776133,523.7552314,,528.3279428,3326.30503,,532.8704729,0.343824445,0.001146081,,,
,,,0.018105109,524.8519737,,530.6167239,3304.121782,,534.2861899,0.149805692,0.000499352,,,
,,,0.01844877,526.116068,,531.6962025,3314.399189,,535.6827049,0.282868115,0.000942894,,,
,,,0.018792313,527.1509539,,532.8703373,3344.21548,,536.9614384,1.184834575,0.003949449,,,
,,,0.019135738,528.3001788,,534.0078613,3362.641084,,538.2229263,1.735074802,0.005783583,,,
,,,0.019822235,530.5146179,,535.1714569,3354.974519,,539.4836618,0.599179363,0.001997265,,,
,,,0.020155506,531.8149519,,537.4224944,3353.422219,,540.8950974,0.160525531,0.000535085,,,
,,,0.020508261,532.9594151,,538.5950992,3358.828921,,542.2954488,0.37311167,0.001243706,,,
,,,0.020851097,533.9347318,,539.7986105,3375.062374,,543.5510933,0.91574321,0.003052477,,,
,,,0.021193816,535.0879042,,540.9409417,3383.487618,,544.8026467,1.422145888,0.004740486,,,
,,,0.021869118,537.4315417,,542.0503551,3358.347554,,546.0452276,0.394117629,0.001313725,,,
,,,0.022211488,538.6399608,,543.1996598,3339.599722,,547.3138836,0.079465682,0.000264886,,,
,,,0.022563518,539.892407,,544.2760173,3343.355193,,548.6812038,0.624806535,0.002082688,,,
,,,0.022905651,540.8688135,,546.5801289,3385.114049,,550.0493054,0.691162018,0.002303873,,,
,,,0.023237896,542.0232193,,547.6831445,3425.102294,,551.4207865,0.737685582,0.002458952,,,
,,,0.023579799,543.1683434,,548.8418448,3385.242837,,552.6599458,0.15893041,0.000529768,,,
,,,0.023902056,544.3060346,,549.9648998,3368.240125,,553.9062534,0.959177513,0.003197258,,,
,,,0.02458529,546.6376524,,551.0257767,3375.123023,,555.155246,0.653923738,0.002179746,,,
,,,0.024916978,547.6910666,,552.1537526,3385.712837,,556.3856257,0.344218987,0.001147397,,,
,,,0.025248556,548.7323425,,554.409438,3354.308555,,557.7404215,0.56126111,0.00187087,,,
,,,0.025580024,549.9039409,,555.5303101,3330.896544,,559.0815307,0.019644131,6.54804E-05,,,
,,,0.025891893,551.0756356,,556.6479269,3300.930886,,560.3331662,0.781999317,0.002606664,,,
,,,0.026223148,552.2867171,,557.7625567,3308.483096,,561.5625022,0.532263116,0.00177421,,,
,,,0.026895063,554.3291017,,558.8503429,3343.940139,,562.7737916,1.219502527,0.004065008,,,
,,,0.027235718,555.4812572,,559.9708549,3345.544494,,564.1038129,0.944463085,0.00314821,,,
,,,0.027576256,556.6493643,,561.0562215,3330.564995,,565.4345683,0.152620833,0.000508736,,,
,,,0.027916678,557.7900868,,563.2720808,3284.323232,,566.7697064,0.354436413,0.001181455,,,
,,,0.028237541,558.9078349,,564.3502646,3273.069508,,568.0976089,0.938774865,0.00312925,,,
,,,0.028577739,559.9732754,,565.4607486,3283.337341,,569.288722,0.140401614,0.000468005,,,
,,,0.02889839,560.9773579,,566.5672072,3284.512222,,570.4762194,1.170569941,0.0039019,,,
,,,0.029558802,563.2687977,,567.658193,3240.73964,,571.6466204,0.256178467,0.000853928,,,
,,,0.029888845,564.3567002,,569.7954538,3223.712704,,572.9644937,0.265125116,0.00088375,,,
,,,0.030228481,565.5938213,,570.8228792,3207.943993,,574.2759332,0.658152266,0.002193841,,,
,,,0.030568002,566.5452808,,571.8989901,3231.478205,,575.4523434,0.714874725,0.002382916,,,
,,,0.030907407,567.5509688,,572.9532093,3263.913159,,576.629228,1.636231947,0.005454106,,,
,,,0.031566494,569.7602787,,574.0442857,3226.118089,,577.7912432,0.760992486,0.002536642,,,
,,,0.031886189,570.8846335,,575.1060042,3200.243205,,579.0788166,0.599580645,0.001998602,,,
,,,0.032215464,571.9895184,,576.1034447,3205.826806,,580.3678975,1.083016842,0.003610056,,,
,,,0.032544631,572.9284803,,578.2995175,3200.614143,,581.6527572,0.886088749,0.002953629,,,
,,,0.032883367,573.9888162,,579.3776993,3193.667179,,582.932414,0.801389549,0.002671298,,,
,,,0.033212314,575.0441762,,580.4145764,3184.432705,,584.074445,1.685164372,0.005617215,,,
,,,0.033521813,576.1274311,,581.4719728,3167.580896,,585.22788,1.502927149,0.005009757,,,
,,,0.034198508,578.4061404,,582.4288256,3151.911141,,586.3922212,0.982790986,0.00327597,,,
,,,0.034536683,579.353924,,584.5378841,3182.773159,,587.653157,0.259688781,0.000865629,,,
,,,0.034865087,580.3479701,,585.5871021,3180.096669,,588.9059653,0.525981442,0.001753271,,,
,,,0.035203038,581.4765949,,586.5887845,3186.233442,,590.0284193,0.766379527,0.002554598,,,
,,,0.035511921,582.447656,,587.6399628,3176.020242,,591.1545205,0.658377342,0.002194591,,,
,,,0.036167981,584.5166408,,588.7258288,3156.152415,,592.2775472,0.645944267,0.002153148,,,
,,,0.03649585,585.5905443,,589.7686348,3115.445392,,593.3911358,1.304742155,0.004349141,,,
,,,0.036813973,586.6079134,,590.7669546,3095.602278,,594.610684,0.428516252,0.001428388,,,
,,,0.03714163,587.644342,,592.7654257,3062.443126,,595.8229184,1.034826233,0.003449421,,,
,,,0.037478812,588.6844195,,593.7591818,3050.86608,,597.034105,0.768461647,0.002561539,,,
,,,0.037806252,589.734839,,594.7393872,3054.062086,,598.1210314,0.362094404,0.001206981,,,
,,,0.038133584,590.8270409,,595.6720495,3041.919693,,599.2126568,0.818331785,0.002727773,,,
,,,0.038787927,592.8250169,,596.6668421,3062.860285,,600.3252398,1.094112019,0.00364704,,,
,,,0.039114938,593.7229313,,597.7066738,3086.301209,,601.5263179,0.135817873,0.000452726,,,
,,,0.039441843,594.6187264,,599.6753834,3017.899435,,602.7286739,0.586547808,0.001955159,,,
,,,0.03974942,595.7254549,,600.6582855,2995.511723,,603.9177545,0.577734962,0.001925783,,,
,,,0.040076116,596.7151538,,601.6270442,2996.507819,,604.9910512,1.72646924,0.005754897,,,
,,,0.040402707,597.6666397,,602.628724,2991.848413,,606.0590127,0.284007989,0.000946693,,,
,,,0.041036372,599.6603528,,603.6487306,2955.669154,,607.1146022,0.725473124,0.002418244,,,
,,,0.041372243,600.6449487,,604.6115024,2946.69831,,608.297649,0.03482317,0.000116077,,,
,,,0.04169841,601.7277204,,606.4908211,2936.475032,,609.4727946,0.238142583,0.000793809,,,
,,,0.04203406,602.6073542,,607.4939335,2944.364379,,610.62089,0.495659553,0.001652199,,,
,,,0.042379181,603.5475599,,608.4096217,2979.787785,,611.6721564,2.261985946,0.007539953,,,
,,,0.042705021,604.6319734,,609.3395533,2959.004607,,612.71084,1.013366668,0.003377889,,,
,,,0.043346805,606.5351582,,610.285364,2946.270264,,613.7653979,0.496450772,0.001654836,,,
,,,0.043681901,607.5363575,,611.2552355,2953.270508,,614.8165235,0.298192592,0.000993975,,,
,,,0.043997746,608.3683658,,613.1630002,2927.864446,,615.962993,0.687328232,0.002291094,,,
,,,0.044313492,609.3200231,,614.1063266,2916.022687,,617.1028297,1.093576384,0.003645255,,,
,,,0.044629138,610.2566014,,615.0462201,2902.478337,,618.1293225,0.329383547,0.001097945,,,
,,,0.044954245,611.2280261,,616.0046993,2887.898084,,619.161318,0.38589099,0.001286303,,,
,,,0.045594588,613.2547752,,616.8928232,2856.108804,,620.1945948,0.04883128,0.000162771,,,
,,,0.045919381,614.123871,,617.8307916,2883.479758,,621.2130077,0.675839127,0.002252797,,,
,,,0.046244068,614.9648318,,618.7787011,2893.916937,,622.3348548,0.372750073,0.0012425,,,
,,,0.046578196,615.9965559,,620.5862747,2857.910607,,623.447146,0.54671301,0.001822377,,,
,,,0.046893128,616.8845094,,621.5151124,2839.769564,,624.5592169,0.725771507,0.002419238,,,
,,,0.0472175,617.8593871,,622.4563733,2821.095258,,625.5596361,1.04333176,0.003477773,,,
,,,0.047541766,618.7801535,,623.395943,2808.411222,,626.5631747,1.500690449,0.005002301,,,
,,,0.048170925,620.5748269,,624.2757969,2796.130052,,627.5567259,1.992906272,0.006643021,,,
,,,0.048494882,621.4865565,,625.1812077,2772.024336,,628.5425728,2.492622532,0.008308742,,,
,,,0.048828259,622.4932102,,626.9731706,2742.44083,,629.6243099,1.498675684,0.004995586,,,
,,,0.049161524,623.411831,,627.8557676,2751.309389,,630.7051387,1.306606701,0.004355356,,,
,,,0.049475643,624.2643226,,628.7724437,2747.987688,,631.6821152,0.060432755,0.000201443,,,
,,,0.049799179,625.1622722,,629.6366322,2733.235768,,632.6589096,0.436996247,0.001456654,,,
,,,0.050455443,626.9811328,,630.5177616,2726.825085,,633.6311721,0.526020944,0.001753403,,,
,,,0.050778662,627.8700085,,631.3937987,2726.626,,634.7052216,0.578052958,0.001926843,,,
,,,0.051111278,628.7887917,,632.2674358,2731.550456,,635.7587682,1.193346768,0.003977823,,,
,,,0.051424786,629.5785994,,634.0348521,2745.041483,,636.8099395,1.239877318,0.004132924,,,
,,,0.051747691,630.5184036,,634.9125862,2739.721052,,637.8637522,1.34348971,0.004478299,,,
,,,0.052070492,631.4351712,,635.7763253,2723.11354,,638.8139137,0.001832943,6.10981E-06,,,
,,,0.052393189,632.2844532,,636.6366343,2724.891784,,639.7786386,0.347590789,0.001158636,,,
,,,0.053038271,633.9999568,,637.5308426,2728.519702,,640.72818,0.125219883,0.0004174,,,
,,,0.053360656,634.8897309,,639.2211105,2671.245348,,641.7623025,0.409683551,0.001365612,,,
,,,0.05367346,635.7739214,,640.0327371,2685.404335,,642.7955837,0.937589075,0.003125297,,,
,,,0.053986165,636.6611582,,640.8919726,2668.157219,,643.7330582,2.14152505,0.007138417,,,
,,,0.054308245,637.5391542,,641.7795529,2646.776239,,644.6811757,1.58737196,0.00529124,,,
,,,0.054933162,639.2450446,,642.6010132,2647.724555,,645.6090215,0.921010153,0.003070034,,,
,,,0.055245474,640.0003234,,643.4825972,2658.821504,,646.5464946,0.968593548,0.003228645,,,
,,,0.055567148,640.8957128,,644.3244303,2650.728509,,647.5739664,2.559645622,0.008532152,,,
,,,0.055898176,641.7687675,,646.0376611,2624.310671,,648.5812345,2.459253946,0.008197513,,,
,,,0.056210187,642.5514106,,646.8211738,2640.750154,,649.6090523,1.882045558,0.006273485,,,
,,,0.056541001,643.5722551,,647.6603451,2624.248238,,650.5353132,1.605234742,0.005350782,,,
,,,0.056862259,644.3197935,,648.4917613,2633.638213,,651.4508976,2.684102845,0.008947009,,,
,,,0.057504465,645.968261,,649.3310079,2645.214328,,652.3530584,2.743788475,0.009145962,,,
,,,0.057806537,646.8386849,,650.153244,2621.798967,,653.2571233,0.444297939,0.001480993,,,
,,,0.058127389,647.6823146,,651.8201637,2588.275713,,654.2639098,2.90563242,0.009685441,,,
,,,0.058438705,648.5333811,,652.6833225,2543.208304,,655.2430651,2.464859812,0.008216199,,,
,,,0.058759354,649.2463254,,653.4763013,2536.444365,,656.1337897,2.832251756,0.009440839,,,
,,,0.059070474,650.2060249,,654.281719,2520.324941,,657.0198608,1.174211195,0.003914037,,,
,,,0.059701843,651.7986571,,655.1095755,2505.057924,,657.8906404,0.792792857,0.002642643,,,
,,,0.060031505,652.6376682,,655.877286,2484.363007,,658.7812875,1.083116883,0.00361039,,,
,,,0.060342229,653.5701533,,656.6327974,2462.113538,,659.6723485,0.961685653,0.003205619,,,
,,,0.06067168,654.3046089,,658.2590235,2488.605866,,660.6484777,0.518511205,0.001728371,,,
,,,0.061001022,655.078945,,659.0278432,2525.87038,,661.6125483,0.809507383,0.002698358,,,
,,,0.061311445,655.8017617,,659.8357866,2535.71396,,662.4864831,2.364147253,0.007880491,,,
,,,0.061621772,656.6699652,,660.6528666,2491.805758,,663.3754264,1.416390323,0.004721301,,,
,,,0.062270326,658.3074038,,661.4626719,2486.016814,,664.2544842,2.68722312,0.00895741,,,
,,,0.062580355,659.0184227,,662.2377097,2490.086789,,665.1252046,3.148840367,0.010496135,,,
,,,0.062899679,659.8151783,,663.03879,2475.095042,,666.0783271,0.267570047,0.0008919,,,
,,,0.063218901,660.6123082,,664.644018,2433.693347,,667.0151404,0.256114144,0.000853714,,,
,,,0.063538021,661.4071699,,665.4050547,2419.62187,,667.9682082,0.758267584,0.002527559,,,
,,,0.063847658,662.3204324,,666.16042,2403.451617,,668.8285678,0.96788667,0.003226289,,,
,,,0.064175955,663.0984941,,666.9534896,2415.571294,,669.6856703,1.528161194,0.005093871,,,
,,,0.064832228,664.5869252,,667.7257576,2454.78764,,670.529906,3.81568256,0.012718942,,,
,,,0.065150834,665.3466001,,668.4665589,2451.570306,,671.3664815,3.40533867,0.011351129,,,
,,,0.065469338,666.1728168,,670.023715,2443.749697,,672.2991918,0.212168914,0.00070723,,,
,,,0.065797104,667.0189128,,670.7854134,2420.003944,,673.2233647,0.422761346,0.001409204,,,
,,,0.066115402,667.7266982,,671.5666608,2410.657049,,674.0618445,1.503994755,0.005013316,,,
,,,0.066414885,668.4487917,,672.3222033,2422.093421,,674.8969732,0.397575127,0.00132525,,,
,,,0.067050987,669.9852728,,673.0707534,2401.843795,,675.8056312,4.549010343,0.015163368,,,
,,,0.067359538,670.7517518,,673.8208672,2372.785719,,676.7289824,3.63568054,0.012118935,,,
,,,0.06767734,671.6761047,,674.5574868,2343.244543,,677.6467472,2.833353709,0.009444512,,,
,,,0.06799504,672.3301608,,676.0316887,2388.73395,,678.5632058,0.839079228,0.002796931,,,
,,,0.0683033,673.0605231,,676.7888229,2403.816673,,679.4793135,1.081403544,0.003604678,,,
,,,0.068620802,673.7709384,,677.5635435,2400.196138,,680.2889029,0.730186484,0.002433955,,,
,,,0.068938203,674.5480916,,678.3266222,2388.35621,,681.0940819,4.514661217,0.015048871,,,
,,,0.069563375,676.121091,,679.7946095,2374.902083,,681.9895219,2.279213561,0.007597379,,,
,,,0.069880477,676.7663486,,680.6004681,2332.172436,,682.8879194,1.171792122,0.003905974,,,
,,,0.070197479,677.5315907,,681.3668159,2259.411123,,683.692334,3.515779325,0.011719264,,,
,,,0.07051438,678.2679099,,682.008999,2268.72753,,684.4853214,1.651003576,0.005503345,,,
,,,0.071129254,679.854027,,682.7002164,2232.197945,,685.2994385,1.979428156,0.006598094,,,
,,,0.071455171,680.6403218,,683.4116073,2239.086725,,686.1074161,0.991443359,0.003304811,,,
,,,0.071780981,681.320406,,684.1275873,2265.080622,,686.9734832,3.629501097,0.012098337,,,
,,,0.072078772,682.0190658,,685.5684928,2348.793981,,687.8517915,1.864928159,0.006216427,,,
,,,0.072404379,682.793061,,686.3083885,2349.084331,,688.7441264,3.083981921,0.01027994,,,
,,,0.07272988,683.4073957,,687.0952668,2328.939917,,689.5355597,2.20958194,0.007365273,,,
,,,0.07304598,684.0129594,,687.823573,2319.968913,,690.327293,3.168256377,0.010560855,,,
,,,0.07367788,685.5905507,,688.5615504,2281.924861,,691.0925872,4.330069156,0.014433564,,,
,,,0.073984393,686.3534871,,689.2825541,2245.14474,,691.8738128,3.459793687,0.011532646,,,
,,,0.074300097,687.0937584,,690.6286978,2224.923122,,692.7221259,2.479729567,0.008265765,,,
,,,0.074606419,687.7772083,,691.3530714,2177.935145,,693.5916568,0.302507439,0.001008358,,,
,,,0.074931205,688.6474601,,692.0177567,2180.018382,,694.3767488,2.259960712,0.007533202,,,
,,,0.075255884,689.290864,,692.6825842,2220.147896,,695.1522281,5.643183755,0.018810613,,,
,,,0.075867851,690.5876653,,693.3933804,2252.106405,,695.9317564,5.182425905,0.017274753,,,
,,,0.076192227,691.3121699,,694.1190654,2249.947557,,696.7784103,2.606591627,0.008688639,,,
,,,0.076507234,692.043974,,694.8487035,2242.594972,,697.6169761,1.367712245,0.004559041,,,
,,,0.076812882,692.7134503,,696.2474481,2227.356672,,698.4647936,2.921184941,0.009737283,,,
,,,0.077136952,693.4790869,,696.9786897,2206.516367,,699.2966456,2.318644626,0.007728815,,,
,,,0.077451662,693.9814057,,697.7033302,2203.851796,,700.0495653,1.862449659,0.006208166,,,
,,,0.077766272,694.8082394,,698.3745599,2147.28921,,700.7906553,3.578425701,0.011928086,,,
,,,0.078385951,696.2822774,,699.0304157,2105.140317,,701.556298,0.250228074,0.000834094,,,
,,,0.078709512,697.1166425,,700.3075809,2136.074928,,702.3810273,1.625163285,0.005417211,,,
,,,0.079032967,697.6534931,,700.9918138,2189.265309,,703.2091373,0.549594614,0.001831982,,,
,,,0.079347081,698.291484,,701.672409,2241.627246,,703.9647495,6.977399053,0.023257997,,,
,,,0.079670331,699.0597284,,702.3570983,2194.819681,,704.7124214,0.640326059,0.00213442,,,
,,,0.080288831,700.333335,,703.0670597,2224.716123,,705.4681703,1.04866038,0.003495535,,,
,,,0.080602551,701.0261793,,703.7596459,2224.96336,,706.2118931,4.831576085,0.016105254,,,
,,,0.080916172,701.6117636,,704.4571099,2218.863417,,707.021446,0.55543299,0.001851443,,,
,,,0.081211255,702.2949073,,705.8196342,2109.594349,,707.8353859,0.375710642,0.001252369,,,
,,,0.081524686,703.0585548,,706.478557,2058.97701,,708.6388932,2.122203313,0.007074011,,,
,,,0.081828804,703.7864527,,707.1087499,2060.334621,,709.398489,0.972151384,0.003240505,,,
,,,0.08213283,704.5442774,,707.7510418,2074.794273,,710.1356216,5.378596716,0.017928656,,,
,,,0.082768221,705.7140473,,708.3998805,2106.979398,,710.8640353,11.62764797,0.038758827,,,
,,,0.083090367,706.5127184,,709.0345621,2117.651267,,711.6013302,11.39201964,0.037973399,,,
,,,0.083412408,707.1338452,,710.3735836,2194.282965,,712.4098744,3.572775679,0.011909252,,,
,,,0.083734347,707.7552255,,711.0965773,2158.397776,,713.2269708,2.031251871,0.00677084,,,
,,,0.084046988,708.4135042,,711.7648614,2138.475951,,713.9358018,9.377588151,0.031258627,,,
,,,0.084359531,708.9884121,,712.4524648,2139.408998,,714.6326704,3.929083429,0.013096945,,,
,,,0.084965953,710.3445312,,713.1237598,2106.038356,,715.3283248,3.439555371,0.011465185,,,
,,,0.085278209,711.1119115,,713.7973772,2035.457513,,716.1055397,3.037194129,0.01012398,,,
,,,0.085581188,711.7758438,,714.4181155,1997.952361,,716.8946812,1.672692446,0.005575641,,,
,,,0.085902429,712.5504089,,715.6121086,1971.265319,,717.6792838,0.297326294,0.000991088,,,
,,,0.086223567,713.1469116,,716.2212339,2052.815507,,718.4513888,3.049180131,0.010163934,,,
,,,0.086544601,713.6895685,,716.8401465,2103.896429,,719.1502854,15.37708921,0.051256964,,,
,,,0.086856365,714.39088,,717.4593593,2092.384291,,719.8442127,8.341766481,0.027805888,,,
,,,0.087470438,715.6904023,,718.1143987,2091.612605,,720.5717951,1.452399808,0.004841333,,,
,,,0.087791073,716.3422795,,719.4501413,2091.594513,,721.3528088,1.720757204,0.005735857,,,
,,,0.088093292,716.7240097,,720.1453465,2066.758322,,722.1296101,1.31693154,0.004389772,,,
,,,0.088386265,717.383729,,720.7875691,2030.403428,,722.8097064,3.212294987,0.01070765,,,
,,,0.088688303,718.0367333,,721.4127146,1991.089889,,723.4913128,5.663180967,0.01887727,,,
,,,0.089301253,719.5453438,,721.9964194,1920.317043,,724.2032221,7.084564253,0.023615214,,,
,,,0.089612159,720.2491847,,722.5825257,1919.985338,,724.9173896,5.176657387,0.017255525,,,
,,,0.089932108,720.7509917,,723.2026078,1968.879603,,725.6754084,1.756019076,0.005853397,,,
,,,0.090251954,721.3398248,,724.4420158,2047.055432,,726.4377909,1.508141963,0.00502714,,,
,,,0.090571698,721.9804722,,725.0548532,2076.339109,,727.1956553,3.357184871,0.011190616,,,
,,,0.090882209,722.5876248,,725.7346502,2032.208231,,727.8885389,2.183033599,0.007276779,,,
,,,0.091201752,723.2722515,,726.3752084,2021.561993,,728.5839467,5.032992726,0.016776642,,,
,,,0.091831409,724.4128528,,727.0792212,2049.964129,,729.2724917,2.590721714,0.008635739,,,
,,,0.092132409,725.0279444,,727.7075032,2012.704786,,729.9487757,0.817427941,0.00272476,,,
,,,0.092442435,725.6662112,,728.8878687,1936.506245,,730.6941098,1.226839502,0.004089465,,,
,,,0.092752366,726.3836415,,729.4742544,1912.68966,,731.4419932,1.763462134,0.005878207,,,
,,,0.093080423,727.158176,,730.0610496,1911.02697,,732.1321805,0.685793436,0.002285978,,,
,,,0.093390156,727.7673324,,730.6440271,1955.992945,,732.8155306,4.610569879,0.015368566,,,
,,,0.094000231,728.802641,,731.2615958,1996.335747,,733.4756303,10.15965231,0.033865508,,,
,,,0.094318779,729.4490673,,731.9132551,1994.52818,,734.156468,6.414474449,0.021381581,,,
,,,0.094637226,730.0930313,,732.531841,1997.009963,,734.8915509,4.618380128,0.0153946,,,
,,,0.094946477,730.6488047,,733.8133377,1928.431048,,735.6375577,3.346937475,0.011156458,,,
,,,0.095255633,731.2866148,,734.4201576,1912.649438,,736.3713407,5.814954507,0.019383182,,,
,,,0.095573781,731.8631161,,735.0329616,1904.815421,,737.0235277,2.572836969,0.008576123,,,
,,,0.095873657,732.4701978,,735.5989253,1891.938462,,737.663833,1.427012725,0.004756709,,,
,,,0.09650038,733.866183,,736.1416843,1833.229485,,738.3336357,2.647879188,0.008826264,,,
,,,0.096818133,734.4982831,,736.7222854,1847.624678,,739.0131358,0.176022778,0.000586743,,,
,,,0.097144859,735.0143264,,737.9138887,1884.899849,,739.7524353,1.329477639,0.004431592,,,
,,,0.097453336,735.5992183,,738.5040359,1937.287194,,740.4692003,5.150572355,0.017168575,,,
,,,0.097761718,736.0339282,,739.1222663,1996.310178,,741.1246598,9.953332983,0.033177777,,,
,,,0.09807907,736.7763444,,739.7704853,1934.430535,,741.7769052,0.391292505,0.001304308,,,
,,,0.098704413,737.9023606,,740.3803139,1935.615678,,742.4385252,5.126541791,0.017088473,,,
,,,0.099021466,738.5771777,,740.9793762,1912.731943,,743.150615,2.427747524,0.008092492,,,
,,,0.099338419,739.0742448,,741.5663554,1913.738678,,743.8675005,2.381886354,0.007939621,,,
,,,0.099655272,739.7358655,,742.7427169,1842.593328,,744.5591929,1.292241512,0.004307472,,,
,,,0.099953926,740.2610309,,743.3006447,1841.472369,,745.2672166,1.229725718,0.004099086,,,
,,,0.100261538,741.0425505,,743.8383732,1814.684085,,745.9265575,1.060497231,0.003534991,,,
,,,0.100569055,741.7147193,,744.3945493,1814.145265,,746.5815417,1.53905645,0.005130188,,,
,,,0.101210918,742.6876241,,744.9855683,1888.291337,,747.2962177,3.805457669,0.012684859,,,
,,,0.101527178,743.2272292,,746.1395876,1932.42319,,747.996318,1.11127452,0.003704248,,,
,,,0.101834306,743.8014959,,746.7559743,1917.255517,,748.6997446,0.920730703,0.003069102,,,
,,,0.10214134,744.4473867,,747.372233,1881.312414,,749.3333857,8.928185179,0.029760617,,,
,,,0.102457305,745.028825,,747.9776785,1862.374768,,749.9687927,9.934613506,0.033115378,,,
,,,0.103061876,746.1446735,,748.5637203,1865.380394,,750.6036771,9.529098155,0.031763661,,,
,,,0.103377551,746.713,,749.1479113,1836.823676,,751.2828737,3.930797132,0.013102657,,,
,,,0.103693126,747.2677822,,750.2602762,1768.45639,,751.9779584,1.053674068,0.003512247,,,
,,,0.104008602,748.0869323,,750.7736423,1757.99736,,752.6622494,0.237232125,0.000790774,,,
,,,0.104314969,748.6216929,,751.3237794,1791.221496,,753.2899396,6.435410318,0.021451368,,,
,,,0.104630249,749.1220864,,751.8550747,1836.380538,,753.9347361,11.2433092,0.037477697,,,
,,,0.105260511,750.2335805,,752.4437982,1844.764851,,754.5659556,13.66568277,0.045552276,,,
,,,0.105575493,750.7482889,,753.0282489,1866.53354,,755.2111802,11.02968378,0.036765613,,,
,,,0.105890375,751.3596647,,754.1871177,1888.423815,,755.901833,5.113346781,0.017044489,,,
,,,0.106187174,751.8474431,,754.7831212,1874.710865,,756.587333,1.2510208,0.004170069,,,
,,,0.106501864,752.4316636,,755.3401476,1868.197028,,757.2042609,5.426282819,0.018087609,,,
,,,0.106807468,752.9817411,,755.934488,1832.001285,,757.806508,9.301014879,0.031003383,,,
,,,0.107427378,754.1997021,,756.505103,1790.847466,,758.435374,9.036566917,0.03012189,,,
,,,0.1077327,754.8774551,,757.0491344,1758.391399,,759.1210297,3.778947583,0.012596492,,,
,,,0.108028952,755.2807059,,757.6050692,1764.324974,,759.7900219,0.266984317,0.000889948,,,
,,,0.108343063,755.8827923,,758.666526,1750.033976,,760.4731037,1.775651866,0.00591884,,,
,,,0.108657076,756.5514571,,759.1952099,1760.500695,,761.1394892,2.948365045,0.009827883,,,
,,,0.10897099,757.0406402,,759.7564076,1773.886452,,761.7663248,4.365049997,0.014550167,,,
,,,0.109284806,757.6544644,,760.3104604,1787.708024,,762.3887369,3.434487352,0.011448291,,,
,,,0.109912141,758.6475387,,760.9119054,1817.327181,,763.0021258,4.812658114,0.016042194,,,
,,,0.110225662,759.1512415,,762.0374553,1805.143722,,763.6688706,2.145798943,0.007152663,,,
,,,0.110539084,759.7520528,,762.6030856,1773.743916,,764.3304672,0.840434997,0.00280145,,,
,,,0.110852408,760.2976788,,763.1579576,1745.065011,,764.9370079,5.53E+00,0.018445482,,,
,,,0.111165633,760.9405,,763.6920788,1714.999964,,765.5406607,5.573367309,0.018577891,,,
,,,0.111782848,762.053694,,764.2343698,1705.045729,,766.1272298,5.384808141,0.01794936,,,
,,,0.112095783,762.5723863,,764.7515403,1707.303212,,766.7390134,3.36458874,0.011215296,,,
,,,0.112408619,763.188377,,765.2733486,1697.412901,,767.3877712,8.248081314,0.027493604,,,
,,,0.112721358,763.651934,,766.3564671,1709.175673,,768.0444684,2.544391971,0.008481307,,,
,,,0.11304293,764.2890586,,766.8909242,1730.401826,,768.6951906,2.714285739,0.009047619,,,
,,,0.113355471,764.7529509,,767.4524281,1724.090562,,769.2914778,1.041351739,0.003471172,,,
,,,0.113667913,765.2725527,,767.9957933,1722.68241,,769.8856798,1.128106798,0.003760356,,,
,,,0.114292506,766.2983814,,768.5484525,1718.736473,,770.4731506,0.895774836,0.002985916,,,
,,,0.114613574,766.8948696,,769.0968425,1689.567537,,771.0732156,1.863920399,0.006213068,,,
,,,0.114925624,767.5125605,,770.1236971,1685.407455,,771.7201952,6.116231646,0.020387439,,,
,,,0.115237577,768.0052611,,770.6480946,1712.528282,,772.3594097,3.935856235,0.013119521,,,
,,,0.115549432,768.4674992,,771.1771906,1749.289256,,772.9520762,6.796339377,0.022654465,,,
,,,0.115879002,769.1579862,,771.7008336,1700.408328,,773.5383988,1.169284437,0.003897615,,,
,,,0.116502216,770.1278797,,772.2503267,1731.057518,,774.1349862,2.164055653,0.007213519,,,
,,,0.116813677,770.6632252,,772.7746333,1737.512985,,774.7177656,4.461490215,0.014871634,,,
,,,0.117125041,771.129053,,773.3280601,1735.453983,,775.2898768,4.787004624,0.015956682,,,
,,,0.117418525,771.664966,,774.3936202,1684.661285,,775.9305183,0.929602376,0.003098675,,,
,,,0.117729701,772.2426871,,774.9108675,1646.068643,,776.5597472,4.011778892,0.013372596,,,
,,,0.118031894,772.7997976,,775.4151739,1614.077613,,777.166859,2.56602679,0.008553423,,,
,,,0.118342879,773.4058462,,775.9229493,1634.986006,,777.7461791,2.479193262,0.008263978,,,
,,,0.118973438,774.290316,,776.4517382,1660.878465,,778.3241454,11.29447719,0.037648257,,,
,,,0.119284131,774.9109164,,776.9328133,1660.661366,,778.9007554,13.83810283,0.046127009,,,
,,,0.119594727,775.4618788,,777.4650341,1674.246249,,779.5351447,2.064147895,0.006880493,,,
,,,0.119922967,775.9401282,,778.5449617,1719.842421,,780.1829485,0.462706379,0.001542355,,,
,,,0.120242232,776.4983399,,779.0823142,1700.904875,,780.8166001,0.325312778,0.001084376,,,
,,,0.12055253,776.9099798,,779.6385773,1704.05848,,781.3797983,0.590715085,0.00196905,,,
,,,0.120862733,777.3916882,,780.1644329,1693.502839,,781.9423856,3.44170906,0.011472364,,,
,,,0.12148285,778.5655712,,780.6786113,1639.083712,,782.4966177,9.072670477,0.030242235,,,
,,,0.12178391,779.0689064,,781.1741488,1609.763407,,783.0689338,9.02062018,0.030068734,,,
,,,0.122102582,779.7543217,,782.1661426,1576.88926,,783.6952525,3.828551057,0.012761837,,,
,,,0.122412304,780.1247973,,782.6752,1606.743999,,784.3251749,3.146434672,0.010488116,,,
,,,0.12272193,780.6635756,,783.1616589,1623.874663,,784.8927432,7.736099531,0.025786998,,,
,,,0.123031461,781.1296188,,783.6669168,1630.158539,,785.4519104,4.907809581,0.016359365,,,
,,,0.123667908,782.2078431,,784.166812,1620.766502,,786.0295037,0.361826791,0.001206089,,,
,,,0.12398598,782.7402143,,784.7099101,1638.521709,,786.6475917,2.795266709,0.009317556,,,
,,,0.124295119,783.0945527,,785.2608247,1662.807089,,787.2674419,1.387324588,0.004624415,,,
,,,0.124604163,783.6343545,,786.2961613,1612.575763,,787.8765863,2.636413113,0.008788044,,,
,,,0.124913112,784.1321922,,786.818668,1585.764176,,788.4961142,3.424089776,0.011413633,,,
,,,0.125239611,784.742411,,787.3068468,1565.448002,,789.0581171,0.092564513,0.000308548,,,
,,,0.125557183,785.2756422,,787.7801051,1560.830677,,789.619525,0.737752301,0.002459174,,,
,,,0.126192025,786.3004439,,788.2488798,1566.740692,,790.1709302,6.258520939,0.020861736,,,
,,,0.126518107,786.7989204,,789.2334561,1619.980739,,790.777311,0.981766535,0.003272555,,,
,,,0.126835274,787.3159572,,789.7337699,1633.747945,,791.3749518,2.781597607,0.009271992,,,
,,,0.127143534,787.7727192,,790.2515848,1626.85987,,791.9348459,4.66E+00,0.015527276,,,
,,,0.127460502,788.2928929,,790.7986655,1603.124409,,792.471374,9.887520235,0.032958401,,,
,,,0.12808534,789.1971457,,791.3358359,1611.550871,,793.0245467,6.604714535,0.022015715,,,
,,,0.128393215,789.7108447,,791.8267116,1582.880166,,793.5556333,3.952907903,0.01317636,,,
,,,0.128700995,790.2247102,,792.3061674,1537.006764,,794.1520851,1.86341573,0.006211386,,,
,,,0.12902626,790.8513937,,793.235618,1515.235779,,794.7565686,0.734245992,0.002447487,,,
,,,0.129342632,791.3584696,,793.6935499,1524.284759,,795.3638795,0.221951712,0.000739839,,,
,,,0.129658904,791.8515918,,794.1686285,1558.039619,,795.9173256,9.62560374,0.032085346,,,
,,,0.129966295,792.2786038,,794.623769,1588.275449,,796.4606738,13.27200133,0.044240004,,,
,,,0.130607121,793.230147,,795.165598,1608.461676,,796.9986881,11.94742755,0.039824759,,,
,,,0.130914221,793.6716596,,795.6811587,1623.738078,,797.5553804,4.299126698,0.014330422,,,
,,,0.131229996,794.2361928,,796.7131168,1574.473948,,798.1422113,3.262538683,0.010875129,,,
,,,0.13151937,794.5395977,,797.258268,1541.624944,,798.735802,5.775581994,0.01925194,,,
,,,0.131852484,795.203264,,797.7252153,1506.675774,,799.2632942,13.98936048,0.046631202,,,
,,,0.132159202,795.6311737,,798.1849399,1508.691782,,799.7720516,8.013340452,0.026711135,,,
,,,0.132781111,796.7265351,,798.6241853,1468.884429,,800.2975227,7.228480599,0.024094935,,,
,,,0.133113805,797.2919438,,799.0837089,1466.619565,,800.8893995,0.245707408,0.000819025,,,
,,,0.133428887,797.7444022,,799.5479781,1480.89714,,801.4829847,1.939039078,0.006463464,,,
,,,0.13374387,798.2111613,,800.4657006,1528.442068,,802.0767853,4.766564989,0.01588855,,,
,,,0.134058754,798.5617933,,800.9665458,1570.058927,,802.6596641,7.825529563,0.026085099,,,
,,,0.134382281,799.0783218,,801.4527767,1560.747705,,803.194697,5.88583557,0.019619452,,,
,,,0.134688223,799.5498287,,801.9464575,1566.318969,,803.7259474,0.246749931,0.0008225,,,
,,,0.135299828,800.4847416,,802.4770246,1562.252751,,804.2525895,6.380034493,0.021266782,,,
,,,0.135622954,800.9734904,,803.4587964,1520.152969,,804.8489345,1.255916404,0.004186388,,,
,,,0.135928517,801.4739649,,803.9367253,1497.212611,,805.4285591,0.073738465,0.000245795,,,
,,,0.136242714,801.8707606,,804.3954503,1479.53914,,805.9484399,0.751860635,0.002506202,,,
,,,0.136565535,802.473642,,804.8380227,1478.714853,,806.4790478,2.087481761,0.006958273,,,
,,,0.137193429,803.5380518,,805.2893127,1458.483499,,807.0098026,3.944346708,0.013147822,,,
,,,0.137507229,803.9040601,,805.7545414,1494.076362,,807.5913575,1.557432013,0.00519144,,,
,,,0.137812217,804.4225279,,806.2391011,1504.233649,,808.1680129,0.996694038,0.003322313,,,
,,,0.138134532,804.7957377,,807.2142766,1549.056942,,808.7416527,3.097774391,0.010325915,,,
,,,0.138456743,805.3000372,,807.7152391,1524.833396,,809.3134011,0.305507044,0.001018357,,,
,,,0.138770146,805.7547445,,808.2001623,1512.883377,,809.8130227,8.386327788,0.027954426,,,
,,,0.139092153,806.2137439,,808.6907811,1495.151715,,810.3226387,6.601672098,0.022005574,,,
,,,0.139718463,807.2378652,,809.1632805,1467.136893,,810.8284328,6.999708361,0.023332361,,,
,,,0.140031471,807.6902635,,810.0540831,1409.757019,,811.3967674,2.123377561,0.007077925,,,
,,,0.140344381,808.2169794,,810.4841672,1414.534164,,811.9533329,5.234158415,0.017447195,,,
,,,0.140665882,808.679531,,810.915271,1433.271985,,812.4585571,1.446222671,0.004820742,,,
,,,0.140987278,809.1993208,,811.3486264,1461.794728,,812.9666432,5.700315322,0.019001051,,,
,,,0.141603724,810.0297319,,811.8009137,1475.108618,,813.4697617,8.872942485,0.029576475,,,
,,,0.141924819,810.4899358,,812.2842706,1484.381188,,813.982551,5.225973962,0.017419913,,,
,,,0.142237137,810.9175032,,812.7781408,1496.873072,,814.5518874,3.959866115,0.013199554,,,
,,,0.142549358,811.3594789,,813.7227635,1451.562476,,815.1158179,2.190805012,0.007302683,,,
,,,0.142852813,811.7344598,,814.2002598,1440.684709,,815.6815137,0.686423497,0.002288078,,,
,,,0.143164842,812.2768075,,814.6250561,1432.351487,,816.1710957,2.811760899,0.009372536,,,
,,,0.143485436,812.7691265,,815.0580473,1426.643003,,816.6735706,2.055980817,0.006853269,,,
,,,0.144109002,813.7945421,,815.4708287,1409.751351,,817.1913141,5.574448701,0.018581496,,,
,,,0.144437949,814.2084103,,815.9634654,1436.60595,,817.7497764,8.043648503,0.026812162,,,
,,,0.144749484,814.5767502,,816.8756639,1453.567291,,818.3187427,0.071749166,0.000239164,,,
,,,0.145060921,815.0627107,,817.3356144,1463.763089,,818.8699797,1.958454987,0.006528183,,,
,,,0.145372262,815.4455698,,817.8136435,1459.382878,,819.3740098,10.34890875,0.034496362,,,
,,,0.145700794,815.9745826,,818.2616187,1450.365516,,819.8578797,13.02410345,0.043413678,,,
,,,0.14632298,816.8584868,,818.7486835,1439.452371,,820.326676,13.86708559,0.046223619,,,
,,,0.146642564,817.3521822,,819.2029604,1420.734073,,820.870636,7.306409097,0.024354697,,,
,,,0.146962046,817.8603889,,820.0971282,1364.354919,,821.4331852,3.819436238,0.012731454,,,
,,,0.147272796,818.2007799,,820.5482301,1320.30576,,821.985007,4.608617942,0.01536206,,,
,,,0.147600704,818.7306841,,820.9388217,1340.314445,,822.4864558,10.90286888,0.036342896,,,
,,,0.14791988,819.2364421,,821.3233579,1378.022818,,822.9688001,24.44643639,0.081488121,,,
,,,0.148549307,820.0888713,,821.7251893,1385.163271,,823.4775565,17.2841071,0.05761369,,,
,,,0.148868181,820.5662666,,822.1992871,1415.404796,,823.9740793,9.250278739,0.030834262,,,
,,,0.149195566,820.935715,,823.1496079,1448.777065,,824.5338496,0.250321963,0.000834407,,,
,,,0.149505623,821.3947581,,823.6496286,1456.180025,,825.0813824,0.232551681,0.000775172,,,
,,,0.149815583,821.7070114,,824.1427025,1437.226501,,825.5727283,3.875338713,0.012917796,,,
,,,0.150142658,822.0795556,,824.6082258,1426.858563,,826.0407049,7.28417662,0.024280589,,,
,,,0.150762088,823.0964198,,825.0407444,1349.946584,,826.5200459,19.26062439,0.064202081,,,
,,,0.151097452,823.7936272,,825.440178,1289.756475,,827.021547,14.01789467,0.046726316,,,
,,,0.151415514,824.2028381,,825.8408811,1305.907209,,827.5695324,3.818391477,0.012727972,,,
,,,0.151742067,824.6019102,,826.6832234,1361.912825,,828.0977573,8.081894795,0.026939649,,,
,,,0.152059924,824.9073653,,827.104475,1435.533671,,828.6401098,13.20980758,0.044032692,,,
,,,0.152386267,825.5145231,,827.5719603,1402.624826,,829.1217897,17.60305095,0.058676836,,,
,,,0.152703919,825.863463,,828.0286584,1416.527094,,829.6304286,3.851517735,0.012838392,,,
,,,0.1533475,826.7449438,,828.5066671,1447.508688,,830.1276161,2.91946818,0.009731561,,,
,,,0.153664848,827.0073507,,829.0029238,1462.621259,,830.5991453,5.418556881,0.018061856,,,
,,,0.153982094,827.5185336,,829.8894664,1371.060546,,831.1097399,3.39859013,0.011328634,,,
,,,0.15429067,828.0054162,,830.3131186,1349.686514,,831.6116298,11.70131782,0.039004393,,,
,,,0.154607718,828.5169071,,830.7179665,1296.588376,,832.0981935,18.95153672,0.063171789,,,
,,,0.154924666,829.1154199,,831.1107367,1273.936819,,832.5743604,14.59557667,0.048651922,,,
,,,0.155566819,829.8392342,,831.5324548,1305.022106,,833.0433734,4.495173304,0.014983911,,,
,,,0.15589202,830.2685473,,831.9162923,1319.099197,,833.5767723,6.809726819,0.022699089,,,
,,,0.156200007,830.7446354,,832.3205431,1321.002234,,834.0995113,1.916592345,0.006388641,,,
,,,0.156516451,831.0800628,,833.1895909,1370.045963,,834.6186309,0.420182638,0.001400609,,,
,,,0.156841342,831.585101,,833.6413918,1365.314935,,835.14993,4.191986173,0.013973287,,,
,,,0.157157583,831.9932208,,834.0887002,1376.372488,,835.6186551,8.746029151,0.029153431,,,
,,,0.157465181,832.2491793,,834.5728223,1384.796448,,836.0851134,4.529267116,0.015097557,,,
,,,0.158097168,833.1122583,,835.0204354,1363.029443,,836.5311847,10.39128189,0.034637606,,,
,,,0.158421547,833.6324289,,835.8781545,1252.618281,,837.0623622,0.210194759,0.000700649,,,
,,,0.158737288,834.2183078,,836.2468032,1241.312732,,837.5868515,4.094346371,0.013647821,,,
,,,0.159069989,834.554049,,836.653174,1251.223401,,838.0547311,2.050737266,0.006835791,,,
,,,0.159385526,834.9657523,,837.0152135,1307.700202,,838.5178118,17.00827367,0.056694246,,,
,,,0.160041864,835.8806535,,837.4125263,1297.093399,,838.9887737,15.27100707,0.050903357,,,
,,,0.160357094,836.2897522,,837.8390282,1327.53622,,839.4674383,7.132432007,0.023774773,,,
,,,0.160680741,836.665297,,838.2892539,1362.176173,,840.0018415,4.206485149,0.014021617,,,
,,,0.16099577,837.030871,,839.2287787,1359.130296,,840.5230377,7.343005874,0.024476686,,,
,,,0.16131921,837.3307846,,839.6767784,1347.007479,,841.0560543,11.59401781,0.038646726,,,
,,,0.161634038,837.8305533,,840.0921548,1327.54686,,841.5057892,0.758840068,0.002529467,,,
,,,0.161940262,838.2329493,,840.523774,1299.422244,,841.9851702,1.160378271,0.003867928,,,
,,,0.162603426,839.3346463,,840.8927141,1260.711187,,842.4602439,2.978654686,0.009928849,,,
,,,0.16291785,839.686156,,841.3115146,1282.26174,,842.9381932,5.481840718,0.018272802,,,
,,,0.163240669,840.0915704,,842.124331,1348.864095,,843.4439938,4.415640419,0.014718801,,,
,,,0.163571875,840.4574784,,842.5809451,1366.268632,,843.9523789,3.422237643,0.011407459,,,
,,,0.163894483,840.903954,,843.0025649,1359.849127,,844.4149414,0.832972079,0.002776574,,,
,,,0.164216987,841.3388528,,843.4541009,1320.639621,,844.8836059,9.260109144,0.03086703,,,
,,,0.164853203,842.1404134,,843.9113522,1331.669995,,845.333309,12.63748341,0.042124945,,,
,,,0.165183875,842.5213185,,844.3485918,1310.966067,,845.7871476,10.08712206,0.03362374,,,
,,,0.165489014,843.0300991,,844.7395015,1265.294217,,846.2191465,13.37305211,0.04457684,,,
,,,0.165802533,843.3822599,,845.543829,1223.693837,,846.7201273,5.802317921,0.01934106,,,
,,,0.166132891,844.0005851,,845.8960234,1207.038717,,847.2126722,10.01321267,0.033377376,,,
,,,0.166463141,844.3672342,,846.2880716,1219.087661,,847.6784016,2.138773404,0.007129245,,,
,,,0.166784818,844.7590219,,846.6912404,1261.152651,,848.1352388,10.22304094,0.034076803,,,
,,,0.167436319,845.4561595,,847.0998637,1273.014989,,848.5929629,12.85073585,0.042835786,,,
,,,0.167749228,845.9143188,,847.5035976,1268.076405,,849.0431254,6.25328508,0.020844284,,,
,,,0.168070491,846.3034753,,847.9241483,1280.206902,,849.5419498,0.209897352,0.000699658,,,
,,,0.168408552,846.7392991,,848.7829484,1278.452835,,850.0419966,2.346031379,0.007820105,,,
,,,0.168721156,847.0774272,,849.2317377,1258.57053,,850.5393929,2.194214726,0.007314049,,,
,,,0.169042107,847.4668071,,849.6406202,1248.458932,,850.9777991,3.798602563,0.012662009,,,
,,,0.169362956,847.8885757,,850.0310737,1230.53399,,851.4289475,2.376315256,0.007921051,,,
,,,0.170021217,848.8760607,,850.4063488,1199.884355,,851.8829717,0.113544726,0.000378482,,,
,,,0.170358619,849.1919265,,850.8025489,1222.759944,,852.3760036,4.106942126,0.013689807,,,
,,,0.170687476,849.6477237,,851.5628474,1254.010992,,852.8732127,0.685270737,0.002284236,,,
,,,0.171007797,850.0258543,,851.9729336,1289.881536,,853.3675541,1.148848241,0.003829494,,,
,,,0.171336441,850.4229913,,852.3980887,1273.576429,,853.8174645,0.180255243,0.000600851,,,
,,,0.171664977,850.7907622,,852.8274238,1280.277242,,854.264696,6.09603261,0.020320109,,,
,,,0.172296473,851.5668464,,853.247597,1284.263588,,854.7106564,10.58668593,0.035288953,,,
,,,0.172624694,851.9672284,,853.6837606,1267.177041,,855.1985585,3.328810739,0.011096036,,,
,,,0.172935983,852.3651422,,854.4976919,1200.22019,,855.6889669,0.945686625,0.003152289,,,
,,,0.173263994,852.8217169,,854.8837864,1181.069416,,856.1750849,0.748587746,0.002495292,,,
,,,0.173575084,853.2522617,,855.2487706,1189.165613,,856.6321956,3.412022682,0.011373409,,,
,,,0.173911289,853.7339418,,855.6155184,1195.301147,,857.0820247,9.939338221,0.033131127,,,
,,,0.174574963,854.4631414,,855.9932989,1215.681876,,857.5376614,16.18967068,0.053965569,,,
,,,0.174910832,854.8978736,,856.3869982,1236.911889,,858.0285804,7.355150808,0.024517169,,,
,,,0.175238196,855.2398347,,857.2229197,1289.53707,,858.5154914,7.050602347,0.023502008,,,
,,,0.175557062,855.61604,,857.6704904,1285.349209,,859.0065891,2.528445765,0.008428153,,,
,,,0.175875828,855.9923112,,858.1129875,1251.165232,,859.4543235,8.666795213,0.028889317,,,
,,,0.176202876,856.3787864,,858.5383421,1227.189015,,859.8853308,12.04358498,0.040145283,,,
,,,0.176848272,857.2128357,,858.9370136,1208.585915,,860.3114835,18.50627406,0.06168758,,,
,,,0.177183379,857.6659375,,859.3091798,1177.853872,,860.7915759,8.433809182,0.028112697,,,
,,,0.17751,858.1090035,,860.0722601,1145.662534,,861.2556933,7.511199448,0.025037331,,,
,,,0.177844885,858.5771382,,860.4119961,1143.80786,,861.7298108,4.998485264,0.016661618,,,
,,,0.17817129,858.9463348,,860.7815301,1187.458445,,862.1704118,4.442096484,0.014806988,,,
,,,0.178505953,859.3405652,,861.1809233,1184.208014,,862.6121556,6.575390484,0.021917968,,,
,,,0.179174945,860.0343109,,861.5938756,1212.657822,,863.046242,9.996385448,0.033321285,,,
,,,0.179484202,860.3745105,,861.9938953,1218.803591,,863.4754614,4.295468196,0.014318227,,,
,,,0.179818427,860.7986658,,862.7885871,1202.858249,,863.9552794,1.074411076,0.00358137,,,
,,,0.180144188,861.2424448,,863.1944412,1184.423573,,864.4377014,3.929211266,0.013097371,,,
,,,0.180478192,861.5450034,,863.6000128,1179.852094,,864.8495007,4.896986263,0.016323288,,,
,,,0.180803739,861.9443774,,863.9815487,1169.017473,,865.2967867,0.374271775,0.001247573,,,
,,,0.181454514,862.89797,,864.3433917,1147.007676,,865.7272155,0.031182009,0.00010394,,,
,,,0.181788081,863.1233917,,864.7374748,1169.544627,,866.2000996,6.680779647,0.022269265,,,
,,,0.182121537,863.6076229,,865.0848018,1160.740756,,866.6776404,2.046094464,0.006820315,,,
,,,0.182454881,863.9997199,,865.8758441,1193.28876,,867.1527322,0.791819639,0.002639399,,,
,,,0.182788115,864.3502043,,866.2674609,1195.051758,,867.6287137,0.624865033,0.002082883,,,
,,,0.18311291,864.7054434,,866.6717566,1194.613298,,868.056181,5.139375703,0.017131252,,,
,,,0.1834376,865.1054191,,867.0746004,1182.950957,,868.4786908,7.279147758,0.024263826,,,
,,,0.184103302,865.8633661,,867.4976811,1183.756791,,868.911222,5.273573246,0.017578577,,,
,,,0.184419355,866.2861753,,868.251345,1137.53996,,869.3684318,2.588833051,0.008629444,,,
,,,0.184751934,866.6041636,,868.6477099,1121.97999,,869.851853,2.830422599,0.009434742,,,
,,,0.185084403,867.1489655,,868.9966907,1114.396535,,870.2785246,3.742181308,0.012473938,,,
,,,0.185433377,867.4814819,,869.3675302,1126.234144,,870.6936683,2.663142128,0.00887714,,,
,,,0.186081147,868.2556774,,869.7161983,1140.943847,,871.1216579,8.12043728,0.027068124,,,
,,,0.186429773,868.6480709,,870.1049618,1156.563377,,871.5388618,9.654915376,0.032183051,,,
,,,0.186761685,868.9812703,,870.5185295,1168.27415,,872.0140075,4.750436651,0.015834789,,,
,,,0.187093486,869.3892526,,871.3081818,1162.359557,,872.4858286,2.679892747,0.008932976,,,
,,,0.187425178,869.7105718,,871.7211754,1139.439341,,872.9543987,0.787081261,0.002623604,,,
,,,0.187756759,870.0887629,,872.0747095,1148.977706,,873.3806682,0.958376186,0.003194587,,,
,,,0.188088231,870.4969446,,872.4485034,1134.77963,,873.7862298,3.033953243,0.010113177,,,
,,,0.188759124,871.2638534,,872.8179401,1116.239293,,874.2113245,2.391705385,0.007972351,,,
,,,0.189098541,871.832273,,873.1755589,1093.172149,,874.6576434,3.458858259,0.011529528,,,
,,,0.189421294,872.0957222,,873.9427801,1134.882008,,875.129889,4.633214986,0.01544405,,,
,,,0.189752214,872.3843642,,874.3423178,1155.887767,,875.5938811,5.217395976,0.01739132,,,
,,,0.190091294,872.8331767,,874.7120145,1185.823637,,876.0096612,13.51515634,0.045050521,,,
,,,0.190430259,873.1440872,,875.1333871,1176.599739,,876.4297078,2.695161322,0.008983871,,,
,,,0.191099584,873.9868831,,875.5329569,1151.948524,,876.8501535,7.638269796,0.025460899,,,
,,,0.191446465,874.3351528,,875.9265484,1151.767228,,877.3060723,1.440239282,0.004800798,,,
,,,0.191776716,874.7140755,,876.3098685,1133.825289,,877.7608524,2.314479363,0.007714931,,,
,,,0.19211511,875.1002792,,877.0642211,1086.651559,,878.222768,5.20661676,0.017355389,,,
,,,0.19244514,875.4823278,,877.3955339,1079.036902,,878.6776774,5.352095541,0.017840318,,,
,,,0.192775061,875.9215742,,877.7524165,1064.434175,,879.0863805,0.016370715,5.4569E-05,,,
,,,0.193113118,876.4012345,,878.0905796,1077.632208,,879.5025383,10.70245609,0.035674854,,,
,,,0.193805365,877.0833872,,878.4483374,1110.93605,,879.90869,21.95345702,0.07317819,,,
,,,0.194126602,877.320016,,879.2524617,1143.809,,880.3700282,9.910225123,0.033034084,,,
,,,0.194472435,877.7289041,,879.6476292,1111.267338,,880.8310276,7.65038664,0.025501289,,,
,,,0.194809918,878.1155717,,880.0211428,1075.981836,,881.2313928,21.89212217,0.072973741,,,
,,,0.195139061,878.498087,,880.3842937,1093.911716,,881.6334909,12.87946758,0.042931559,,,
,,,0.195821685,879.2035483,,880.7492294,1100.033832,,882.0210167,2.162505254,0.007208351,,,
,,,0.196158714,879.5753487,,881.1353141,1062.625404,,882.4106211,2.933727573,0.009779092,,,
,,,0.196487412,880.0788144,,881.4833748,1021.963093,,882.8668804,1.005107443,0.003350358,,,
,,,0.196840643,880.4954197,,882.1725739,1021.616278,,883.3298333,6.313760987,0.02104587,,,
,,,0.197177328,880.761715,,882.5355677,1043.465803,,883.7835157,3.870708003,0.01290236,,,
,,,0.197522107,881.0654359,,882.8893798,1089.896522,,884.1875323,26.97173613,0.089905787,,,
,,,0.197866768,881.3842694,,883.2523305,1099.675773,,884.5719057,21.59011999,0.071967067,,,
,,,0.198539335,882.2676154,,883.6059606,1061.766931,,884.986946,5.010087745,0.016700292,,,
,,,0.198883645,882.6470813,,884.0050079,1095.338357,,885.4003594,11.6979952,0.038993317,,,
,,,0.19923603,882.8068351,,884.8054473,1076.014797,,885.8484199,9.349940533,0.031166468,,,
,,,0.19957191,883.1942321,,885.186752,1048.408681,,886.2920379,3.664068311,0.012213561,,,
,,,0.199907677,883.5665467,,885.5422356,1035.122985,,886.6794982,10.24773091,0.034159103,,,
,,,0.200259702,884.0018588,,885.8664438,1023.987973,,887.0881682,2.044680229,0.006815601,,,
,,,0.200930662,884.8680489,,886.1747516,996.068018,,887.5399814,1.658036308,0.005526788,,,
,,,0.201290503,885.2320118,,886.5302234,1019.509646,,887.9876078,7.848989265,0.026163298,,,
,,,0.201642042,885.4674108,,886.8669823,1067.365835,,888.448132,8.397422264,0.027991408,,,
,,,0.201977114,885.903765,,887.6307507,1094.949708,,888.8923528,10.53880011,0.035129334,,,
,,,0.202312075,886.1064419,,888.0271609,1113.948557,,889.3348509,5.922539634,0.019741799,,,
,,,0.202663254,886.542198,,888.4028661,1098.906014,,889.7377269,10.80037396,0.036001247,,,
,,,0.202997985,886.9149523,,888.8030192,1084.344017,,890.1372686,17.71605453,0.059053515,,,
,,,0.203683425,887.5990916,,889.5651261,1038.541562,,890.5381258,15.29703679,0.050990123,,,
,,,0.204025969,887.9944211,,889.9103025,1009.660893,,890.9145405,18.33079711,0.061102657,,,
,,,0.204360244,888.3551914,,890.2535796,993.4331609,,891.3243866,7.012195354,0.023373985,,,
,,,0.204710705,888.9100419,,890.5640172,983.6537473,,891.7177752,3.976160044,0.013253867,,,
,,,0.205394973,889.5337292,,890.9069174,993.1099879,,892.1180658,7.433996178,0.024779987,,,
,,,0.205736931,889.932403,,891.2158189,1024.145369,,892.5191764,13.04894705,0.04349649,,,
,,,0.206095048,890.2511597,,891.5871307,1051.135474,,892.9177306,21.48336097,0.071611203,,,
,,,0.206436767,890.5401847,,891.9739941,1078.642199,,893.359706,6.022429787,0.020074766,,,
,,,0.206786501,890.8974356,,892.36486,1084.148564,,893.7983252,7.287180258,0.024290601,,,
,,,0.207119855,891.2249752,,893.1253999,1048.91734,,894.2343921,1.69212395,0.005640413,,,
,,,0.207461224,891.5902968,,893.4862292,1038.906475,,894.679812,1.442518207,0.004808394,,,
,,,0.2078106,891.9629062,,893.8354978,1025.058474,,895.0520344,7.386649229,0.024622164,,,
,,,0.208151733,892.297774,,894.1838964,1007.545998,,895.4463044,2.683915479,0.008946385,,,
,,,0.208841767,893.2223446,,894.4920301,971.6459305,,895.8459821,2.364142681,0.007880476,,,
,,,0.209190661,893.4729004,,895.2004078,998.028048,,896.286151,4.134132943,0.013780443,,,
,,,0.209531324,893.8537749,,895.5335793,1012.597189,,896.7322715,6.915409864,0.023051366,,,
,,,0.209879978,894.1501796,,895.897787,1042.623462,,897.1184257,6.54524746,0.021817492,,,
,,,0.210236614,894.4844235,,896.2727689,1037.557587,,897.516804,1.040168959,0.00346723,,,
,,,0.210933309,895.2027537,,896.6380411,1040.294941,,897.8994921,6.038702776,0.020129009,,,
,,,0.211273379,895.5378701,,897.0378189,1028.115413,,898.3189379,8.548232704,0.028494109,,,
,,,0.211629519,895.8875076,,897.3989895,1017.282534,,898.7656407,4.12182024,0.013739401,,,
,,,0.211977442,896.3065533,,898.1174309,948.4126785,,899.1935973,2.137404754,0.007124683,,,
,,,0.212325244,896.5723469,,898.4471105,956.4119093,,899.6250385,4.091144868,0.01363715,,,
,,,0.212689093,897.0213297,,898.7393132,967.0264599,,900.0269868,11.5706528,0.038568843,,,
,,,0.213044729,897.4508743,,899.0709659,963.6091334,,900.4118485,21.47919881,0.071597329,,,
,,,0.213763698,898.1116998,,899.398421,981.5135715,,900.8268455,15.84558928,0.052818631,,,
,,,0.214127024,898.4995083,,900.10604,1053.326409,,901.2607099,0.536093124,0.001786977,,,
,,,0.21446601,898.6781411,,900.528867,1045.562056,,901.7016409,3.705376435,0.012351255,,,
,,,0.214821015,899.1232749,,900.9084346,1043.965667,,902.0998726,6.316128673,0.021053762,,,
,,,0.215175894,899.3317008,,901.3022579,1037.7434,,902.4844597,7.284278451,0.024280928,,,
,,,0.215869157,900.081565,,901.6888822,1003.798125,,902.8725752,11.43773526,0.038125784,,,
,,,0.21623172,900.5926724,,902.0291405,959.8125943,,903.3114923,5.379819085,0.01793273,,,
,,,0.216594151,900.8729396,,902.3653661,953.2482124,,903.7410499,2.139043442,0.007130145,,,
,,,0.216948401,901.3338449,,903.0095177,930.4030103,,904.1782628,0.920344993,0.003067817,,,
,,,0.217318619,901.7292347,,903.3295722,974.689672,,904.6017823,9.886779029,0.03295593,,,
,,,0.217680657,901.9632636,,903.6843169,998.2259405,,905.0026756,23.99651127,0.079988371,,,
,,,0.218042563,902.4131138,,904.0465125,994.152023,,905.402751,11.47550094,0.03825167,,,
,,,0.218757949,903.0280545,,904.4287278,1020.709791,,905.8079152,0.981092778,0.003270309,,,
,,,0.219127498,903.3000801,,905.2022185,1014.8049,,906.2283899,5.052944829,0.016843149,,,
,,,0.219480852,903.6656496,,905.5744051,984.3079822,,906.6470361,6.39209026,0.021306968,,,
,,,0.219842108,904.0539565,,905.929513,973.27632,,907.0149045,18.31544837,0.061051495,,,
,,,0.220187186,904.3659794,,906.2799146,942.4722536,,907.389556,22.01933362,0.073397779,,,
,,,0.220925092,905.2840983,,906.6025755,894.0339858,,907.7900857,15.52785365,0.051759512,,,
,,,0.221285827,905.5952536,,906.9148817,902.4749272,,908.1862543,7.058584058,0.023528614,,,
,,,0.221654443,905.8981796,,907.2354139,910.0334522,,908.6013751,13.8333051,0.046111017,,,
,,,0.222014915,906.2247889,,907.8656853,971.3912463,,909.038019,5.473535875,0.01824512,,,
,,,0.222383262,906.6360946,,908.2062598,994.8923528,,909.4547663,13.68985577,0.045632853,,,
,,,0.222743471,906.9007589,,908.6135983,973.7388548,,909.861346,1.634925872,0.005449753,,,
,,,0.223111551,907.3121267,,908.983625,984.498357,,910.2626167,5.63075164,0.018769172,,,
,,,0.223831315,907.8382293,,909.4023149,1015.761215,,910.6420247,8.614961504,0.028716538,,,
,,,0.224191003,908.133795,,909.7663377,1000.503684,,911.0241041,3.467233916,0.011557446,,,
,,,0.22455855,908.5949139,,910.46524,920.8625544,,911.4363302,0.429052888,0.001430176,,,
,,,0.224933948,908.967117,,910.7919925,885.3974248,,911.8644838,1.410963884,0.004703213,,,
,,,0.225301222,909.5029466,,911.0950611,874.5653891,,912.2615078,8.431040416,0.028103468,,,
,,,0.225668361,909.7903064,,911.4146667,909.6398992,,912.636376,12.85490855,0.042849695,,,
,,,0.22641021,910.3721825,,911.7450121,933.9487196,,913.0312174,15.30397522,0.051013251,,,
,,,0.226776943,910.8305539,,912.0742362,932.1197301,,913.4035338,21.64561664,0.072152055,,,
,,,0.227151509,911.0628522,,912.4583183,958.4846406,,913.7930542,2.685836306,0.008952788,,,
,,,0.227525935,911.4974468,,913.1822489,962.3114351,,914.2298362,1.639331684,0.005464439,,,
,,,0.22790022,911.745231,,913.5707039,939.4637619,,914.6465942,0.889348508,0.002964495,,,
,,,0.228258448,912.009586,,913.9326949,924.4702274,,915.020275,4.494090665,0.014980302,,,
,,,0.228624503,912.4058318,,914.2682138,914.0834626,,915.3857512,10.99727649,0.036657588,,,
,,,0.229372113,913.212981,,914.5820028,870.9422116,,915.7776606,11.0778831,0.036926277,,,
,,,0.229737762,913.6436891,,914.8883131,857.8080681,,916.1725572,7.445220832,0.024817403,,,
,,,0.230119165,913.9453985,,915.2247006,876.7665221,,916.5864417,11.00565736,0.036685525,,,
,,,0.230508364,914.2043677,,915.8816697,943.1253177,,917.0142189,8.258935084,0.027529784,,,
,,,0.230873597,914.616425,,916.2263741,961.5002089,,917.4350428,14.24519592,0.047483986,,,
,,,0.231246632,914.8482937,,916.6232123,940.6613154,,917.8222478,3.17973859,0.010599129,,,
,,,0.231635393,915.250915,,916.9775952,932.3564788,,918.2179948,8.088557166,0.026961857,,,
,,,0.232388683,915.9406238,,917.3565873,944.5617144,,918.5918849,17.01623412,0.05672078,,,
,,,0.232761154,916.1566543,,917.7197806,948.7994204,,918.9673888,9.011363196,0.030037877,,,
,,,0.233133485,916.5761074,,918.4118661,886.3848699,,919.3645305,9.332779863,0.031109266,,,
,,,0.233505679,916.9329752,,918.7312402,849.8762357,,919.7859771,6.314104732,0.021047016,,,
,,,0.233885648,917.4725833,,919.0344857,831.4491023,,920.182042,8.498899084,0.028329664,,,
,,,0.234265473,917.7584373,,919.3556205,850.2821976,,920.5657253,1.477399242,0.004924664,,,
,,,0.235040501,918.3413852,,919.6755532,878.9611769,,920.9450881,21.65853809,0.072195127,,,
,,,0.235411985,918.6982887,,919.9977222,885.6900496,,921.3603344,15.9277417,0.053092472,,,
,,,0.235799131,919.0383303,,920.3572399,894.4424485,,921.7816074,4.729092164,0.015763641,,,
,,,0.236186126,919.4254686,,921.0837923,908.2907084,,922.207583,3.650459586,0.012168199,,,
,,,0.236572972,919.7183771,,921.4660385,906.7310787,,922.6289625,2.816797326,0.009389324,,,
,,,0.236951777,919.9411181,,921.8417828,907.9322058,,923.0039429,4.876296431,0.016254321,,,
,,,0.237338327,920.3125108,,922.1895021,882.989872,,923.3588557,7.478209551,0.024927365,,,
,,,0.23811886,921.0468583,,922.5101173,854.9058179,,923.7156433,17.9092393,0.059697464,,,
,,,0.238512836,921.5514566,,923.1410202,818.1944856,,924.1344319,7.240182271,0.024133941,,,
,,,0.238914533,921.9059692,,923.4643677,819.5351683,,924.5458636,10.15385607,0.033846187,,,
,,,0.239300325,922.1514383,,923.7914373,834.4769582,,924.9222271,13.0316303,0.043438768,,,
,,,0.239678099,922.4525956,,924.1187547,862.069885,,925.2804742,22.16769643,0.073892321,,,
,,,0.240464671,923.1626858,,924.4372419,848.4138659,,925.6516878,13.60277929,0.045342598,,,
,,,0.240857725,923.5098334,,924.770101,863.0378171,,926.0273438,2.133446559,0.007111489,,,
,,,0.241250624,923.7748988,,925.1429328,875.3423601,,926.4355754,2.678181628,0.008927272,,,
,,,0.241659076,924.1049261,,925.8437659,842.671696,,926.8375284,3.174210881,0.010580703,,,
,,,0.242035961,924.4216824,,926.1827442,836.7642386,,927.2324146,12.74785793,0.04249286,,,
,,,0.24242055,924.7456716,,926.5003608,829.260416,,927.5930908,2.398227388,0.007994091,,,
,,,0.242804992,925.1170581,,926.8283109,806.5266644,,927.9748697,5.714550599,0.019048502,,,
,,,0.243604785,925.9205357,,927.1221446,781.8411827,,928.3361087,1.081487706,0.003604959,,,
,,,0.244012277,926.1554806,,927.4255125,807.4498264,,928.7043085,22.06761403,0.073558713,,,
,,,0.244403939,926.5499568,,928.0597389,861.7529789,,929.0979739,3.058052084,0.010193507,,,
,,,0.244811105,926.7340582,,928.4235048,863.776562,,929.4958004,4.623080521,0.015410268,,,
,,,0.245202455,927.1158204,,928.7595252,835.7835864,,929.8518217,6.238995419,0.020796651,,,
,,,0.245601474,927.4858309,,929.1170502,813.8713034,,930.197444,19.46125011,0.064870834,,,
,,,0.246399034,928.0957661,,929.4633906,828.9659094,,930.5578311,13.65006397,0.045500213,,,
,,,0.246789763,928.3632488,,929.8092215,813.2405908,,930.9220962,2.045105778,0.006817019,,,
,,,0.247172529,928.6710336,,930.1353426,768.359692,,931.2932756,0.099904431,0.000333015,,,
,,,0.247586377,929.1666222,,930.685496,721.4458078,,931.6718755,5.963627417,0.019878758,,,
,,,0.247992249,929.5914903,,930.9794226,714.6454163,,932.0515345,2.322037365,0.007740125,,,
,,,0.248405758,929.8011078,,931.2688146,749.4201375,,932.3925788,22.60437724,0.075347924,,,
,,,0.248811298,930.0478561,,931.5804612,762.1360151,,932.7292365,34.61337049,0.115377902,,,
,,,0.249621886,930.6588089,,931.884973,755.2770668,,933.0554115,26.39552892,0.087985096,,,
,,,0.250042509,931.0662698,,932.5084751,755.894164,,933.4256979,18.57978668,0.061932622,,,
,,,0.250447386,931.2999573,,932.8460648,763.0067241,,933.7752569,2.522795823,0.008409319,,,
,,,0.250859881,931.4738502,,933.1897766,729.124602,,934.0950703,0.654291737,0.002180972,,,
,,,0.251264427,931.9145169,,933.4714937,699.9655938,,934.3996564,11.6004313,0.038668104,,,
,,,0.252073029,932.4450084,,933.7656749,684.4078912,,934.7041341,6.660288602,0.022200962,,,
,,,0.252492623,932.9321049,,934.014841,637.8969843,,935.0065417,2.719771931,0.009065906,,,
,,,0.25291204,933.2085069,,934.2729751,637.9309534,,935.3338732,10.44220863,0.034807362,,,
,,,0.25332352,933.4647872,,934.8024988,651.5888279,,935.6481062,20.34140152,0.067804672,,,
,,,0.253742589,933.7282071,,935.0784635,651.3235636,,935.9722209,18.08976712,0.060299224,,,
,,,0.254153727,934.0961895,,935.3575223,634.8825647,,936.2499445,35.50466692,0.11834889,,,
,,,0.254580201,934.2355322,,935.6458771,642.2564236,,936.5195794,41.86774931,0.139559164,,,
,,,0.255417112,934.8064279,,935.9210393,632.855338,,936.7813925,43.05521239,0.143517375,,,
,,,0.255843047,935.0605482,,936.2007692,613.8426766,,937.0457544,49.11121102,0.163704037,,,
,,,0.256261062,935.3233283,,936.6974503,542.5104113,,937.3044088,76.46264912,0.254875497,,,
,,,0.256686639,935.67338,,936.911234,509.139188,,937.560719,174.5619147,0.581873049,,,
,,,0.257104301,935.9488063,,937.1186442,490.730769,,937.7652065,196.0604295,0.653534765,,,
,,,0.257529519,936.1864561,,937.3173635,478.2609485,,937.9540013,323.7983628,1.079327876,,,
,,,0.258379412,936.6741907,,937.4957905,459.1222671,,938.1304887,425.3380762,1.417793587,,,
,,,0.258804088,936.9242865,,937.7039403,436.6192983,,938.3016041,462.5931342,1.541977114,,,
,,,0.259236301,937.1525641,,938.0768185,390.5637611,,938.4475818,340.1780605,1.133926868,,,
,,,0.259660613,937.30594,,938.2560447,359.014597,,938.5743339,1749.150717,5.830502392,,,
,,,0.260077035,937.4872627,,938.4166406,316.5155581,,938.6527691,3335.052333,11.11684111,,,
,,,0.260508698,937.679646,,938.5521368,263.8742072,,938.711776,199.223305,0.664077683,,,
,,,0.261356064,938.0526373,,938.6574805,210.0622806,,938.7386017,8088.727426,26.96242475,,,
,,,0.261787175,938.2766956,,938.729328,145.1466626,,938.7575914,9286.256442,30.95418814,,,
,,,0.26224118,938.4932479,,938.7996653,61.35708716,,938.7452173,11441.46211,38.13820704,,,
,,,0.262679599,938.5145784,,938.8270866,26.78905057,,938.6912426,2296.897189,7.656323964,,,
,,,0.263125513,938.6234395,,938.8151858,1.395292162,,938.5989969,1362.462034,4.541540112,,,
,,,0.263563545,938.7409509,,0.222135043,902.564612,,938.4826257,26.83780784,0.089459359,,,
,,,0.264439034,938.8459786,,0.222375256,903.2075376,,938.3355672,1210.087418,4.033624727,,,
,,,0.264876491,938.8010618,,0.222615412,903.0574737,,938.1260446,1058.667756,3.52889252,,,
,,,0.265313757,938.8204146,,0.222815498,903.427638,,937.859035,144.4465744,0.481488581,,,
,,,0.265750831,938.7585548,,0.223015543,903.3596702,,937.551216,444.7098922,1.482366307,,,
,,,0.266203041,938.8077572,,,,,937.1922497,271.4396572,0.904798857,,,
,,,0.266632068,938.734679,,,,,936.8024241,115.3037746,0.384345915,,,
,,,0.267535486,938.685486,,,,,936.3768699,39.63847303,0.132128243,,,
,,,0.26797924,938.5120728,,,,,935.901093,34.24984812,0.11416616,,,
,,,0.268438089,938.255179,,,,,935.2837675,26.47130314,0.088237677,,,
,,,0.268881443,938.0157673,,,,,934.6058986,20.66399108,0.06887997,,,
,,,0.269332239,937.7537202,,,,,933.9063455,11.50267925,0.038342264,,,
,,,0.269775197,937.4968889,,,,,933.1473319,12.28981766,0.040966059,,,
,,,0.27068341,936.8728513,,,,,932.3266526,11.37888159,0.037929605,,,
,,,0.271148645,936.4046708,,,,,931.4409469,9.338719956,0.031129067,,,
,,,0.271606043,935.964308,,,,,930.35347,5.311519579,0.017705065,,,
,,,0.272063231,935.4547892,,,,,929.1915161,2.834850133,0.0094495,,,
,,,0.272527825,935.0036417,,,,,927.9318795,0.928742016,0.003095807,,,
,,,0.272999814,934.4251914,,,,,926.6644048,0.18142318,0.000604744,,,
,,,0.273456365,933.7337752,,,,,925.3011911,1.945103491,0.006483678,,,
,,,0.274368843,932.1977906,,,,,923.8231352,2.615994425,0.008719981,,,
,,,0.274832367,931.3960687,,,,,922.2490382,3.119568639,0.010398562,,,
,,,0.275295677,930.5768739,,,,,920.2784886,89.59866083,0.298662203,,,
,,,0.275758772,929.5735482,,,,,918.1401931,5.514090724,0.018380302,,,
,,,0.276214066,928.5781941,,,,,915.9480109,19.92192006,0.0664064,,,
,,,0.276669152,927.4834383,,,,,913.546435,55.64835735,0.185494524,,,
,,,0.277609009,925.2163491,,,,,910.9434061,57.94112945,0.193137098,,,
,,,0.278078606,923.9676071,,,,,,,,,,
,,,0.278563121,922.3970456,,,,,,,,,,
,,,0.279024705,920.7905184,,,,,,,,,,
,,,0.2795012,919.1271448,,,,,,,,,,
,,,0.27996991,917.2743709,,,,,,,,,,
,,,0.280445955,915.406676,,,,,,,,,,
,,,0.281397365,910.843247,,,,,,,,,,
,,,0.281872731,908.2387789,,,,,,,,,,
,,,0.282347871,905.4867093,,,,,,,,,,
,,,0.282830322,902.3534245,,,,,,,,,,
,,,0.28331254,898.9697855,,,,,,,,,,
,,,0.284298856,890.2805099,,,,,,,,,,
,,,0.285148867,697.3384901,,,,,,,,,,
